t,strain*1e21
-0.9997,-0.0493
-0.9995,-0.0485
-0.9992,-0.0473
-0.9990,-0.0457
-0.9988,-0.0437
-0.9985,-0.0413
-0.9983,-0.0386
-0.9980,-0.0356
-0.9978,-0.0322
-0.9975,-0.0286
-0.9973,-0.0247
-0.9970,-0.0207
-0.9968,-0.0164
-0.9966,-0.0120
-0.9963,-0.0075
-0.9961,-0.0030
-0.9958,0.0016
-0.9956,0.0062
-0.9953,0.0107
-0.9951,0.0151
-0.9949,0.0194
-0.9946,0.0236
-0.9944,0.0275
-0.9941,0.0312
-0.9939,0.0347
-0.9936,0.0378
-0.9934,0.0406
-0.9931,0.0431
-0.9929,0.0452
-0.9927,0.0470
-0.9924,0.0483
-0.9922,0.0492
-0.9919,0.0497
-0.9917,0.0498
-0.9914,0.0494
-0.9912,0.0487
-0.9909,0.0475
-0.9907,0.0459
-0.9905,0.0439
-0.9902,0.0416
-0.9900,0.0389
-0.9897,0.0358
-0.9895,0.0325
-0.9892,0.0288
-0.9890,0.0250
-0.9887,0.0209
-0.9885,0.0166
-0.9883,0.0122
-0.9880,0.0077
-0.9878,0.0031
-0.9875,-0.0015
-0.9873,-0.0061
-0.9870,-0.0106
-0.9868,-0.0151
-0.9866,-0.0194
-0.9863,-0.0236
-0.9861,-0.0275
-0.9858,-0.0313
-0.9856,-0.0347
-0.9853,-0.0379
-0.9851,-0.0407
-0.9848,-0.0432
-0.9846,-0.0453
-0.9844,-0.0471
-0.9841,-0.0484
-0.9839,-0.0493
-0.9836,-0.0498
-0.9834,-0.0499
-0.9831,-0.0495
-0.9829,-0.0487
-0.9826,-0.0475
-0.9824,-0.0459
-0.9822,-0.0439
-0.9819,-0.0415
-0.9817,-0.0388
-0.9814,-0.0357
-0.9812,-0.0324
-0.9809,-0.0287
-0.9807,-0.0248
-0.9804,-0.0207
-0.9802,-0.0164
-0.9800,-0.0119
-0.9797,-0.0074
-0.9795,-0.0028
-0.9792,0.0018
-0.9790,0.0064
-0.9787,0.0110
-0.9785,0.0155
-0.9783,0.0198
-0.9780,0.0240
-0.9778,0.0279
-0.9775,0.0317
-0.9773,0.0351
-0.9770,0.0383
-0.9768,0.0411
-0.9765,0.0435
-0.9763,0.0456
-0.9761,0.0473
-0.9758,0.0486
-0.9756,0.0495
-0.9753,0.0499
-0.9751,0.0500
-0.9748,0.0495
-0.9746,0.0487
-0.9743,0.0474
-0.9741,0.0458
-0.9739,0.0437
-0.9736,0.0413
-0.9734,0.0385
-0.9731,0.0353
-0.9729,0.0319
-0.9726,0.0282
-0.9724,0.0242
-0.9721,0.0200
-0.9719,0.0157
-0.9717,0.0112
-0.9714,0.0066
-0.9712,0.0020
-0.9709,-0.0027
-0.9707,-0.0073
-0.9704,-0.0119
-0.9702,-0.0163
-0.9699,-0.0207
-0.9697,-0.0248
-0.9695,-0.0287
-0.9692,-0.0324
-0.9690,-0.0358
-0.9687,-0.0389
-0.9685,-0.0417
-0.9682,-0.0441
-0.9680,-0.0461
-0.9678,-0.0477
-0.9675,-0.0489
-0.9673,-0.0497
-0.9670,-0.0501
-0.9668,-0.0500
-0.9665,-0.0495
-0.9663,-0.0485
-0.9660,-0.0472
-0.9658,-0.0454
-0.9656,-0.0432
-0.9653,-0.0407
-0.9651,-0.0378
-0.9648,-0.0345
-0.9646,-0.0310
-0.9643,-0.0272
-0.9641,-0.0232
-0.9638,-0.0189
-0.9636,-0.0145
-0.9634,-0.0100
-0.9631,-0.0054
-0.9629,-0.0007
-0.9626,0.0040
-0.9624,0.0086
-0.9621,0.0132
-0.9619,0.0176
-0.9616,0.0219
-0.9614,0.0261
-0.9612,0.0299
-0.9609,0.0336
-0.9607,0.0369
-0.9604,0.0399
-0.9602,0.0426
-0.9599,0.0449
-0.9597,0.0468
-0.9595,0.0483
-0.9592,0.0493
-0.9590,0.0500
-0.9587,0.0502
-0.9585,0.0500
-0.9582,0.0493
-0.9580,0.0482
-0.9577,0.0467
-0.9575,0.0448
-0.9573,0.0424
-0.9570,0.0398
-0.9568,0.0367
-0.9565,0.0334
-0.9563,0.0297
-0.9560,0.0258
-0.9558,0.0217
-0.9555,0.0173
-0.9553,0.0129
-0.9551,0.0083
-0.9548,0.0036
-0.9546,-0.0011
-0.9543,-0.0058
-0.9541,-0.0104
-0.9538,-0.0150
-0.9536,-0.0194
-0.9533,-0.0237
-0.9531,-0.0277
-0.9529,-0.0315
-0.9526,-0.0350
-0.9524,-0.0383
-0.9521,-0.0412
-0.9519,-0.0437
-0.9516,-0.0458
-0.9514,-0.0476
-0.9512,-0.0489
-0.9509,-0.0498
-0.9507,-0.0502
-0.9504,-0.0503
-0.9502,-0.0498
-0.9499,-0.0490
-0.9497,-0.0477
-0.9494,-0.0460
-0.9492,-0.0438
-0.9490,-0.0413
-0.9487,-0.0385
-0.9485,-0.0353
-0.9482,-0.0318
-0.9480,-0.0280
-0.9477,-0.0239
-0.9475,-0.0197
-0.9472,-0.0152
-0.9470,-0.0107
-0.9468,-0.0060
-0.9465,-0.0013
-0.9463,0.0034
-0.9460,0.0081
-0.9458,0.0128
-0.9455,0.0173
-0.9453,0.0216
-0.9450,0.0258
-0.9448,0.0297
-0.9446,0.0334
-0.9443,0.0368
-0.9441,0.0399
-0.9438,0.0426
-0.9436,0.0449
-0.9433,0.0469
-0.9431,0.0484
-0.9429,0.0495
-0.9426,0.0502
-0.9424,0.0504
-0.9421,0.0502
-0.9419,0.0495
-0.9416,0.0484
-0.9414,0.0469
-0.9411,0.0449
-0.9409,0.0426
-0.9407,0.0399
-0.9404,0.0368
-0.9402,0.0334
-0.9399,0.0297
-0.9397,0.0257
-0.9394,0.0215
-0.9392,0.0171
-0.9389,0.0126
-0.9387,0.0079
-0.9385,0.0032
-0.9382,-0.0015
-0.9380,-0.0063
-0.9377,-0.0109
-0.9375,-0.0155
-0.9372,-0.0200
-0.9370,-0.0243
-0.9367,-0.0283
-0.9365,-0.0321
-0.9363,-0.0356
-0.9360,-0.0389
-0.9358,-0.0417
-0.9355,-0.0442
-0.9353,-0.0463
-0.9350,-0.0480
-0.9348,-0.0493
-0.9345,-0.0501
-0.9343,-0.0505
-0.9341,-0.0504
-0.9338,-0.0499
-0.9336,-0.0489
-0.9333,-0.0475
-0.9331,-0.0457
-0.9328,-0.0435
-0.9326,-0.0409
-0.9324,-0.0379
-0.9321,-0.0346
-0.9319,-0.0310
-0.9316,-0.0271
-0.9314,-0.0229
-0.9311,-0.0186
-0.9309,-0.0140
-0.9306,-0.0094
-0.9304,-0.0047
-0.9302,0.0001
-0.9299,0.0049
-0.9297,0.0096
-0.9294,0.0142
-0.9292,0.0188
-0.9289,0.0231
-0.9287,0.0273
-0.9284,0.0312
-0.9282,0.0348
-0.9280,0.0381
-0.9277,0.0411
-0.9275,0.0437
-0.9272,0.0459
-0.9270,0.0477
-0.9267,0.0491
-0.9265,0.0500
-0.9262,0.0505
-0.9260,0.0506
-0.9258,0.0502
-0.9255,0.0493
-0.9253,0.0480
-0.9250,0.0463
-0.9248,0.0441
-0.9245,0.0416
-0.9243,0.0387
-0.9241,0.0354
-0.9238,0.0318
-0.9236,0.0280
-0.9233,0.0239
-0.9231,0.0195
-0.9228,0.0150
-0.9226,0.0104
-0.9223,0.0056
-0.9221,0.0008
-0.9219,-0.0040
-0.9216,-0.0087
-0.9214,-0.0134
-0.9211,-0.0180
-0.9209,-0.0224
-0.9206,-0.0266
-0.9204,-0.0306
-0.9201,-0.0343
-0.9199,-0.0376
-0.9197,-0.0407
-0.9194,-0.0434
-0.9192,-0.0457
-0.9189,-0.0476
-0.9187,-0.0490
-0.9184,-0.0500
-0.9182,-0.0506
-0.9179,-0.0507
-0.9177,-0.0504
-0.9175,-0.0496
-0.9172,-0.0483
-0.9170,-0.0466
-0.9167,-0.0445
-0.9165,-0.0420
-0.9162,-0.0391
-0.9160,-0.0359
-0.9158,-0.0323
-0.9155,-0.0285
-0.9153,-0.0244
-0.9150,-0.0200
-0.9148,-0.0155
-0.9145,-0.0108
-0.9143,-0.0061
-0.9140,-0.0013
-0.9138,0.0036
-0.9136,0.0083
-0.9133,0.0131
-0.9131,0.0177
-0.9128,0.0221
-0.9126,0.0264
-0.9123,0.0304
-0.9121,0.0341
-0.9118,0.0375
-0.9116,0.0406
-0.9114,0.0433
-0.9111,0.0457
-0.9109,0.0476
-0.9106,0.0491
-0.9104,0.0501
-0.9101,0.0507
-0.9099,0.0508
-0.9096,0.0505
-0.9094,0.0497
-0.9092,0.0484
-0.9089,0.0468
-0.9087,0.0447
-0.9084,0.0421
-0.9082,0.0392
-0.9079,0.0360
-0.9077,0.0324
-0.9074,0.0285
-0.9072,0.0244
-0.9070,0.0200
-0.9067,0.0155
-0.9065,0.0108
-0.9062,0.0060
-0.9060,0.0012
-0.9057,-0.0037
-0.9055,-0.0085
-0.9053,-0.0132
-0.9050,-0.0178
-0.9048,-0.0223
-0.9045,-0.0266
-0.9043,-0.0306
-0.9040,-0.0343
-0.9038,-0.0377
-0.9035,-0.0408
-0.9033,-0.0435
-0.9031,-0.0459
-0.9028,-0.0478
-0.9026,-0.0492
-0.9023,-0.0503
-0.9021,-0.0508
-0.9018,-0.0509
-0.9016,-0.0505
-0.9013,-0.0497
-0.9011,-0.0484
-0.9009,-0.0467
-0.9006,-0.0445
-0.9004,-0.0420
-0.9001,-0.0390
-0.8999,-0.0357
-0.8996,-0.0321
-0.8994,-0.0282
-0.8991,-0.0240
-0.8989,-0.0196
-0.8987,-0.0150
-0.8984,-0.0103
-0.8982,-0.0055
-0.8979,-0.0006
-0.8977,0.0043
-0.8974,0.0091
-0.8972,0.0139
-0.8970,0.0185
-0.8967,0.0229
-0.8965,0.0272
-0.8962,0.0312
-0.8960,0.0349
-0.8957,0.0383
-0.8955,0.0414
-0.8952,0.0440
-0.8950,0.0463
-0.8948,0.0481
-0.8945,0.0495
-0.8943,0.0505
-0.8940,0.0510
-0.8938,0.0510
-0.8935,0.0505
-0.8933,0.0496
-0.8930,0.0482
-0.8928,0.0464
-0.8926,0.0442
-0.8923,0.0415
-0.8921,0.0385
-0.8918,0.0351
-0.8916,0.0314
-0.8913,0.0274
-0.8911,0.0231
-0.8908,0.0187
-0.8906,0.0140
-0.8904,0.0092
-0.8901,0.0044
-0.8899,-0.0005
-0.8896,-0.0054
-0.8894,-0.0103
-0.8891,-0.0150
-0.8889,-0.0196
-0.8887,-0.0241
-0.8884,-0.0283
-0.8882,-0.0322
-0.8879,-0.0359
-0.8877,-0.0392
-0.8874,-0.0422
-0.8872,-0.0448
-0.8869,-0.0469
-0.8867,-0.0487
-0.8865,-0.0500
-0.8862,-0.0508
-0.8860,-0.0511
-0.8857,-0.0510
-0.8855,-0.0504
-0.8852,-0.0494
-0.8850,-0.0478
-0.8847,-0.0459
-0.8845,-0.0435
-0.8843,-0.0407
-0.8840,-0.0376
-0.8838,-0.0340
-0.8835,-0.0302
-0.8833,-0.0261
-0.8830,-0.0218
-0.8828,-0.0172
-0.8825,-0.0125
-0.8823,-0.0077
-0.8821,-0.0028
-0.8818,0.0022
-0.8816,0.0071
-0.8813,0.0119
-0.8811,0.0167
-0.8808,0.0212
-0.8806,0.0256
-0.8804,0.0298
-0.8801,0.0337
-0.8799,0.0372
-0.8796,0.0404
-0.8794,0.0433
-0.8791,0.0457
-0.8789,0.0477
-0.8786,0.0493
-0.8784,0.0504
-0.8782,0.0511
-0.8779,0.0512
-0.8777,0.0509
-0.8774,0.0502
-0.8772,0.0489
-0.8769,0.0472
-0.8767,0.0451
-0.8764,0.0425
-0.8762,0.0395
-0.8760,0.0362
-0.8757,0.0326
-0.8755,0.0286
-0.8752,0.0243
-0.8750,0.0199
-0.8747,0.0152
-0.8745,0.0104
-0.8742,0.0055
-0.8740,0.0006
-0.8738,-0.0044
-0.8735,-0.0093
-0.8733,-0.0141
-0.8730,-0.0188
-0.8728,-0.0233
-0.8725,-0.0276
-0.8723,-0.0317
-0.8720,-0.0354
-0.8718,-0.0389
-0.8716,-0.0419
-0.8713,-0.0446
-0.8711,-0.0468
-0.8708,-0.0487
-0.8706,-0.0500
-0.8703,-0.0509
-0.8701,-0.0513
-0.8699,-0.0513
-0.8696,-0.0507
-0.8694,-0.0497
-0.8691,-0.0482
-0.8689,-0.0463
-0.8686,-0.0439
-0.8684,-0.0411
-0.8681,-0.0379
-0.8679,-0.0344
-0.8677,-0.0306
-0.8674,-0.0264
-0.8672,-0.0220
-0.8669,-0.0174
-0.8667,-0.0127
-0.8664,-0.0078
-0.8662,-0.0028
-0.8659,0.0022
-0.8657,0.0071
-0.8655,0.0120
-0.8652,0.0168
-0.8650,0.0214
-0.8647,0.0259
-0.8645,0.0301
-0.8642,0.0340
-0.8640,0.0375
-0.8637,0.0408
-0.8635,0.0436
-0.8633,0.0461
-0.8630,0.0481
-0.8628,0.0496
-0.8625,0.0507
-0.8623,0.0513
-0.8620,0.0515
-0.8618,0.0511
-0.8616,0.0503
-0.8613,0.0489
-0.8611,0.0472
-0.8608,0.0449
-0.8606,0.0423
-0.8603,0.0392
-0.8601,0.0358
-0.8598,0.0321
-0.8596,0.0280
-0.8594,0.0237
-0.8591,0.0191
-0.8589,0.0144
-0.8586,0.0095
-0.8584,0.0046
-0.8581,-0.0004
-0.8579,-0.0054
-0.8576,-0.0104
-0.8574,-0.0153
-0.8572,-0.0200
-0.8569,-0.0245
-0.8567,-0.0288
-0.8564,-0.0328
-0.8562,-0.0365
-0.8559,-0.0399
-0.8557,-0.0429
-0.8554,-0.0455
-0.8552,-0.0476
-0.8550,-0.0493
-0.8547,-0.0506
-0.8545,-0.0513
-0.8542,-0.0516
-0.8540,-0.0514
-0.8537,-0.0507
-0.8535,-0.0495
-0.8533,-0.0478
-0.8530,-0.0457
-0.8528,-0.0431
-0.8525,-0.0402
-0.8523,-0.0368
-0.8520,-0.0331
-0.8518,-0.0291
-0.8515,-0.0249
-0.8513,-0.0203
-0.8511,-0.0156
-0.8508,-0.0107
-0.8506,-0.0058
-0.8503,-0.0007
-0.8501,0.0043
-0.8498,0.0093
-0.8496,0.0142
-0.8493,0.0190
-0.8491,0.0236
-0.8489,0.0279
-0.8486,0.0321
-0.8484,0.0359
-0.8481,0.0393
-0.8479,0.0424
-0.8476,0.0451
-0.8474,0.0473
-0.8471,0.0491
-0.8469,0.0505
-0.8467,0.0513
-0.8464,0.0517
-0.8462,0.0515
-0.8459,0.0509
-0.8457,0.0498
-0.8454,0.0482
-0.8452,0.0462
-0.8449,0.0437
-0.8447,0.0408
-0.8445,0.0375
-0.8442,0.0338
-0.8440,0.0298
-0.8437,0.0255
-0.8435,0.0210
-0.8432,0.0163
-0.8430,0.0114
-0.8428,0.0064
-0.8425,0.0014
-0.8423,-0.0037
-0.8420,-0.0087
-0.8418,-0.0137
-0.8415,-0.0185
-0.8413,-0.0231
-0.8410,-0.0275
-0.8408,-0.0317
-0.8406,-0.0356
-0.8403,-0.0391
-0.8401,-0.0422
-0.8398,-0.0450
-0.8396,-0.0473
-0.8393,-0.0491
-0.8391,-0.0505
-0.8388,-0.0514
-0.8386,-0.0518
-0.8384,-0.0517
-0.8381,-0.0511
-0.8379,-0.0500
-0.8376,-0.0484
-0.8374,-0.0464
-0.8371,-0.0439
-0.8369,-0.0410
-0.8366,-0.0377
-0.8364,-0.0340
-0.8362,-0.0301
-0.8359,-0.0258
-0.8357,-0.0212
-0.8354,-0.0165
-0.8352,-0.0116
-0.8349,-0.0066
-0.8347,-0.0015
-0.8345,0.0036
-0.8342,0.0087
-0.8340,0.0136
-0.8337,0.0185
-0.8335,0.0232
-0.8332,0.0276
-0.8330,0.0318
-0.8327,0.0357
-0.8325,0.0392
-0.8323,0.0423
-0.8320,0.0451
-0.8318,0.0474
-0.8315,0.0493
-0.8313,0.0506
-0.8310,0.0515
-0.8308,0.0519
-0.8305,0.0518
-0.8303,0.0512
-0.8301,0.0501
-0.8298,0.0485
-0.8296,0.0464
-0.8293,0.0439
-0.8291,0.0409
-0.8288,0.0376
-0.8286,0.0339
-0.8283,0.0298
-0.8281,0.0255
-0.8279,0.0209
-0.8276,0.0162
-0.8274,0.0112
-0.8271,0.0062
-0.8269,0.0011
-0.8266,-0.0041
-0.8264,-0.0092
-0.8262,-0.0142
-0.8259,-0.0190
-0.8257,-0.0237
-0.8254,-0.0281
-0.8252,-0.0323
-0.8249,-0.0362
-0.8247,-0.0397
-0.8244,-0.0428
-0.8242,-0.0455
-0.8240,-0.0478
-0.8237,-0.0496
-0.8235,-0.0509
-0.8232,-0.0517
-0.8230,-0.0520
-0.8227,-0.0518
-0.8225,-0.0511
-0.8222,-0.0500
-0.8220,-0.0483
-0.8218,-0.0461
-0.8215,-0.0435
-0.8213,-0.0405
-0.8210,-0.0371
-0.8208,-0.0333
-0.8205,-0.0292
-0.8203,-0.0248
-0.8200,-0.0201
-0.8198,-0.0153
-0.8196,-0.0103
-0.8193,-0.0052
-0.8191,-0.0000
-0.8188,0.0051
-0.8186,0.0102
-0.8183,0.0152
-0.8181,0.0201
-0.8179,0.0247
-0.8176,0.0291
-0.8174,0.0333
-0.8171,0.0371
-0.8169,0.0405
-0.8166,0.0436
-0.8164,0.0462
-0.8161,0.0484
-0.8159,0.0501
-0.8157,0.0513
-0.8154,0.0520
-0.8152,0.0521
-0.8149,0.0518
-0.8147,0.0510
-0.8144,0.0497
-0.8142,0.0479
-0.8139,0.0456
-0.8137,0.0428
-0.8135,0.0397
-0.8132,0.0361
-0.8130,0.0322
-0.8127,0.0280
-0.8125,0.0235
-0.8122,0.0188
-0.8120,0.0138
-0.8117,0.0088
-0.8115,0.0036
-0.8113,-0.0015
-0.8110,-0.0067
-0.8108,-0.0118
-0.8105,-0.0168
-0.8103,-0.0216
-0.8100,-0.0262
-0.8098,-0.0306
-0.8095,-0.0346
-0.8093,-0.0384
-0.8091,-0.0417
-0.8088,-0.0446
-0.8086,-0.0471
-0.8083,-0.0491
-0.8081,-0.0506
-0.8078,-0.0517
-0.8076,-0.0522
-0.8074,-0.0522
-0.8071,-0.0517
-0.8069,-0.0507
-0.8066,-0.0492
-0.8064,-0.0471
-0.8061,-0.0447
-0.8059,-0.0418
-0.8056,-0.0384
-0.8054,-0.0347
-0.8052,-0.0306
-0.8049,-0.0263
-0.8047,-0.0217
-0.8044,-0.0168
-0.8042,-0.0118
-0.8039,-0.0067
-0.8037,-0.0015
-0.8034,0.0037
-0.8032,0.0089
-0.8030,0.0140
-0.8027,0.0189
-0.8025,0.0237
-0.8022,0.0282
-0.8020,0.0325
-0.8017,0.0364
-0.8015,0.0400
-0.8012,0.0431
-0.8010,0.0459
-0.8008,0.0482
-0.8005,0.0500
-0.8003,0.0513
-0.8000,0.0521
-0.7998,0.0524
-0.7995,0.0521
-0.7993,0.0514
-0.7991,0.0501
-0.7988,0.0484
-0.7986,0.0461
-0.7983,0.0434
-0.7981,0.0402
-0.7978,0.0367
-0.7976,0.0328
-0.7973,0.0285
-0.7971,0.0240
-0.7969,0.0193
-0.7966,0.0143
-0.7964,0.0092
-0.7961,0.0040
-0.7959,-0.0013
-0.7956,-0.0065
-0.7954,-0.0116
-0.7951,-0.0167
-0.7949,-0.0216
-0.7947,-0.0263
-0.7944,-0.0307
-0.7942,-0.0348
-0.7939,-0.0385
-0.7937,-0.0419
-0.7934,-0.0448
-0.7932,-0.0473
-0.7929,-0.0494
-0.7927,-0.0509
-0.7925,-0.0519
-0.7922,-0.0524
-0.7920,-0.0524
-0.7917,-0.0519
-0.7915,-0.0508
-0.7912,-0.0492
-0.7910,-0.0472
-0.7908,-0.0446
-0.7905,-0.0416
-0.7903,-0.0382
-0.7900,-0.0344
-0.7898,-0.0303
-0.7895,-0.0258
-0.7893,-0.0211
-0.7890,-0.0162
-0.7888,-0.0111
-0.7886,-0.0059
-0.7883,-0.0007
-0.7881,0.0046
-0.7878,0.0098
-0.7876,0.0150
-0.7873,0.0199
-0.7871,0.0247
-0.7868,0.0292
-0.7866,0.0335
-0.7864,0.0374
-0.7861,0.0409
-0.7859,0.0440
-0.7856,0.0467
-0.7854,0.0489
-0.7851,0.0506
-0.7849,0.0518
-0.7846,0.0525
-0.7844,0.0526
-0.7842,0.0522
-0.7839,0.0513
-0.7837,0.0499
-0.7834,0.0479
-0.7832,0.0455
-0.7829,0.0426
-0.7827,0.0393
-0.7824,0.0356
-0.7822,0.0315
-0.7820,0.0272
-0.7817,0.0225
-0.7815,0.0176
-0.7812,0.0125
-0.7810,0.0073
-0.7807,0.0020
-0.7805,-0.0033
-0.7803,-0.0085
-0.7800,-0.0137
-0.7798,-0.0188
-0.7795,-0.0236
-0.7793,-0.0283
-0.7790,-0.0326
-0.7788,-0.0366
-0.7785,-0.0402
-0.7783,-0.0435
-0.7781,-0.0462
-0.7778,-0.0486
-0.7776,-0.0504
-0.7773,-0.0517
-0.7771,-0.0525
-0.7768,-0.0527
-0.7766,-0.0525
-0.7763,-0.0517
-0.7761,-0.0503
-0.7759,-0.0485
-0.7756,-0.0461
-0.7754,-0.0433
-0.7751,-0.0400
-0.7749,-0.0364
-0.7746,-0.0323
-0.7744,-0.0280
-0.7741,-0.0233
-0.7739,-0.0184
-0.7737,-0.0133
-0.7734,-0.0081
-0.7732,-0.0028
-0.7729,0.0025
-0.7727,0.0078
-0.7724,0.0131
-0.7722,0.0182
-0.7720,0.0231
-0.7717,0.0278
-0.7715,0.0322
-0.7712,0.0362
-0.7710,0.0399
-0.7707,0.0432
-0.7705,0.0461
-0.7702,0.0485
-0.7700,0.0503
-0.7698,0.0517
-0.7695,0.0526
-0.7693,0.0529
-0.7690,0.0526
-0.7688,0.0519
-0.7685,0.0506
-0.7683,0.0487
-0.7680,0.0464
-0.7678,0.0436
-0.7676,0.0404
-0.7673,0.0367
-0.7671,0.0326
-0.7668,0.0283
-0.7666,0.0236
-0.7663,0.0187
-0.7661,0.0136
-0.7658,0.0083
-0.7656,0.0030
-0.7654,-0.0024
-0.7651,-0.0077
-0.7649,-0.0130
-0.7646,-0.0181
-0.7644,-0.0230
-0.7641,-0.0278
-0.7639,-0.0322
-0.7637,-0.0363
-0.7634,-0.0400
-0.7632,-0.0433
-0.7629,-0.0462
-0.7627,-0.0486
-0.7624,-0.0505
-0.7622,-0.0519
-0.7619,-0.0527
-0.7617,-0.0530
-0.7615,-0.0527
-0.7612,-0.0519
-0.7610,-0.0506
-0.7607,-0.0488
-0.7605,-0.0464
-0.7602,-0.0436
-0.7600,-0.0403
-0.7597,-0.0366
-0.7595,-0.0325
-0.7593,-0.0281
-0.7590,-0.0234
-0.7588,-0.0184
-0.7585,-0.0133
-0.7583,-0.0080
-0.7580,-0.0026
-0.7578,0.0028
-0.7575,0.0081
-0.7573,0.0134
-0.7571,0.0186
-0.7568,0.0235
-0.7566,0.0283
-0.7563,0.0327
-0.7561,0.0368
-0.7558,0.0405
-0.7556,0.0438
-0.7554,0.0466
-0.7551,0.0489
-0.7549,0.0508
-0.7546,0.0521
-0.7544,0.0529
-0.7541,0.0531
-0.7539,0.0528
-0.7536,0.0519
-0.7534,0.0505
-0.7532,0.0486
-0.7529,0.0461
-0.7527,0.0432
-0.7524,0.0398
-0.7522,0.0360
-0.7519,0.0319
-0.7517,0.0274
-0.7514,0.0226
-0.7512,0.0176
-0.7510,0.0124
-0.7507,0.0070
-0.7505,0.0016
-0.7502,-0.0038
-0.7500,-0.0092
-0.7497,-0.0145
-0.7495,-0.0196
-0.7492,-0.0246
-0.7490,-0.0293
-0.7488,-0.0337
-0.7485,-0.0377
-0.7483,-0.0413
-0.7480,-0.0445
-0.7478,-0.0473
-0.7475,-0.0495
-0.7473,-0.0513
-0.7470,-0.0525
-0.7468,-0.0531
-0.7466,-0.0532
-0.7463,-0.0527
-0.7461,-0.0517
-0.7458,-0.0502
-0.7456,-0.0481
-0.7453,-0.0455
-0.7451,-0.0424
-0.7449,-0.0389
-0.7446,-0.0350
-0.7444,-0.0307
-0.7441,-0.0261
-0.7439,-0.0212
-0.7436,-0.0161
-0.7434,-0.0108
-0.7431,-0.0055
-0.7429,0.0000
-0.7427,0.0055
-0.7424,0.0109
-0.7422,0.0161
-0.7419,0.0213
-0.7417,0.0262
-0.7414,0.0308
-0.7412,0.0351
-0.7409,0.0390
-0.7407,0.0425
-0.7405,0.0456
-0.7402,0.0482
-0.7400,0.0503
-0.7397,0.0519
-0.7395,0.0529
-0.7392,0.0533
-0.7390,0.0532
-0.7387,0.0526
-0.7385,0.0513
-0.7383,0.0496
-0.7380,0.0473
-0.7378,0.0445
-0.7375,0.0413
-0.7373,0.0376
-0.7370,0.0335
-0.7368,0.0290
-0.7366,0.0243
-0.7363,0.0193
-0.7361,0.0141
-0.7358,0.0087
-0.7356,0.0032
-0.7353,-0.0023
-0.7351,-0.0077
-0.7348,-0.0131
-0.7346,-0.0184
-0.7344,-0.0234
-0.7341,-0.0283
-0.7339,-0.0328
-0.7336,-0.0369
-0.7334,-0.0407
-0.7331,-0.0441
-0.7329,-0.0470
-0.7326,-0.0493
-0.7324,-0.0512
-0.7322,-0.0525
-0.7319,-0.0533
-0.7317,-0.0535
-0.7314,-0.0531
-0.7312,-0.0522
-0.7309,-0.0507
-0.7307,-0.0487
-0.7304,-0.0461
-0.7302,-0.0431
-0.7300,-0.0396
-0.7297,-0.0357
-0.7295,-0.0314
-0.7292,-0.0267
-0.7290,-0.0218
-0.7287,-0.0167
-0.7285,-0.0113
-0.7283,-0.0059
-0.7280,-0.0004
-0.7278,0.0052
-0.7275,0.0106
-0.7273,0.0160
-0.7270,0.0212
-0.7268,0.0261
-0.7265,0.0308
-0.7263,0.0352
-0.7261,0.0392
-0.7258,0.0427
-0.7256,0.0458
-0.7253,0.0485
-0.7251,0.0506
-0.7248,0.0521
-0.7246,0.0532
-0.7243,0.0536
-0.7241,0.0535
-0.7239,0.0528
-0.7236,0.0515
-0.7234,0.0497
-0.7231,0.0473
-0.7229,0.0445
-0.7226,0.0411
-0.7224,0.0374
-0.7221,0.0332
-0.7219,0.0286
-0.7217,0.0238
-0.7214,0.0187
-0.7212,0.0134
-0.7209,0.0079
-0.7207,0.0024
-0.7204,-0.0032
-0.7202,-0.0087
-0.7199,-0.0141
-0.7197,-0.0194
-0.7195,-0.0245
-0.7192,-0.0293
-0.7190,-0.0338
-0.7187,-0.0380
-0.7185,-0.0417
-0.7182,-0.0450
-0.7180,-0.0478
-0.7178,-0.0501
-0.7175,-0.0518
-0.7173,-0.0530
-0.7170,-0.0537
-0.7168,-0.0537
-0.7165,-0.0532
-0.7163,-0.0521
-0.7160,-0.0504
-0.7158,-0.0482
-0.7156,-0.0455
-0.7153,-0.0422
-0.7151,-0.0386
-0.7148,-0.0345
-0.7146,-0.0300
-0.7143,-0.0252
-0.7141,-0.0201
-0.7138,-0.0148
-0.7136,-0.0094
-0.7134,-0.0038
-0.7131,0.0018
-0.7129,0.0073
-0.7126,0.0128
-0.7124,0.0182
-0.7121,0.0234
-0.7119,0.0283
-0.7116,0.0329
-0.7114,0.0371
-0.7112,0.0410
-0.7109,0.0444
-0.7107,0.0473
-0.7104,0.0498
-0.7102,0.0516
-0.7099,0.0530
-0.7097,0.0537
-0.7095,0.0539
-0.7092,0.0534
-0.7090,0.0524
-0.7087,0.0509
-0.7085,0.0487
-0.7082,0.0461
-0.7080,0.0429
-0.7077,0.0393
-0.7075,0.0352
-0.7073,0.0308
-0.7070,0.0260
-0.7068,0.0210
-0.7065,0.0157
-0.7063,0.0102
-0.7060,0.0046
-0.7058,-0.0010
-0.7055,-0.0066
-0.7053,-0.0121
-0.7051,-0.0176
-0.7048,-0.0228
-0.7046,-0.0278
-0.7043,-0.0325
-0.7041,-0.0368
-0.7038,-0.0407
-0.7036,-0.0442
-0.7033,-0.0472
-0.7031,-0.0497
-0.7029,-0.0516
-0.7026,-0.0530
-0.7024,-0.0538
-0.7021,-0.0540
-0.7019,-0.0536
-0.7016,-0.0527
-0.7014,-0.0511
-0.7012,-0.0490
-0.7009,-0.0464
-0.7007,-0.0432
-0.7004,-0.0396
-0.7002,-0.0356
-0.6999,-0.0311
-0.6997,-0.0263
-0.6994,-0.0212
-0.6992,-0.0159
-0.6990,-0.0104
-0.6987,-0.0048
-0.6985,0.0008
-0.6982,0.0065
-0.6980,0.0121
-0.6977,0.0175
-0.6975,0.0228
-0.6972,0.0278
-0.6970,0.0325
-0.6968,0.0369
-0.6965,0.0408
-0.6963,0.0443
-0.6960,0.0473
-0.6958,0.0498
-0.6955,0.0518
-0.6953,0.0531
-0.6950,0.0539
-0.6948,0.0541
-0.6946,0.0537
-0.6943,0.0527
-0.6941,0.0512
-0.6938,0.0490
-0.6936,0.0464
-0.6933,0.0432
-0.6931,0.0395
-0.6929,0.0354
-0.6926,0.0309
-0.6924,0.0260
-0.6921,0.0209
-0.6919,0.0155
-0.6916,0.0100
-0.6914,0.0044
-0.6911,-0.0013
-0.6909,-0.0070
-0.6907,-0.0126
-0.6904,-0.0181
-0.6902,-0.0234
-0.6899,-0.0284
-0.6897,-0.0331
-0.6894,-0.0374
-0.6892,-0.0414
-0.6889,-0.0448
-0.6887,-0.0478
-0.6885,-0.0502
-0.6882,-0.0521
-0.6880,-0.0534
-0.6877,-0.0541
-0.6875,-0.0542
-0.6872,-0.0538
-0.6870,-0.0527
-0.6867,-0.0510
-0.6865,-0.0488
-0.6863,-0.0460
-0.6860,-0.0427
-0.6858,-0.0389
-0.6855,-0.0347
-0.6853,-0.0301
-0.6850,-0.0252
-0.6848,-0.0200
-0.6845,-0.0145
-0.6843,-0.0089
-0.6841,-0.0032
-0.6838,0.0025
-0.6836,0.0082
-0.6833,0.0138
-0.6831,0.0193
-0.6828,0.0245
-0.6826,0.0295
-0.6824,0.0342
-0.6821,0.0385
-0.6819,0.0423
-0.6816,0.0457
-0.6814,0.0485
-0.6811,0.0509
-0.6809,0.0526
-0.6806,0.0538
-0.6804,0.0544
-0.6802,0.0543
-0.6799,0.0537
-0.6797,0.0524
-0.6794,0.0506
-0.6792,0.0482
-0.6789,0.0452
-0.6787,0.0418
-0.6784,0.0378
-0.6782,0.0335
-0.6780,0.0288
-0.6777,0.0237
-0.6775,0.0184
-0.6772,0.0129
-0.6770,0.0072
-0.6767,0.0015
-0.6765,-0.0043
-0.6762,-0.0100
-0.6760,-0.0157
-0.6758,-0.0211
-0.6755,-0.0263
-0.6753,-0.0312
-0.6750,-0.0358
-0.6748,-0.0399
-0.6745,-0.0436
-0.6743,-0.0469
-0.6741,-0.0496
-0.6738,-0.0517
-0.6736,-0.0533
-0.6733,-0.0542
-0.6731,-0.0545
-0.6728,-0.0543
-0.6726,-0.0534
-0.6723,-0.0519
-0.6721,-0.0498
-0.6719,-0.0472
-0.6716,-0.0440
-0.6714,-0.0404
-0.6711,-0.0362
-0.6709,-0.0317
-0.6706,-0.0268
-0.6704,-0.0216
-0.6701,-0.0162
-0.6699,-0.0105
-0.6697,-0.0048
-0.6694,0.0010
-0.6692,0.0068
-0.6689,0.0126
-0.6687,0.0181
-0.6684,0.0235
-0.6682,0.0286
-0.6679,0.0334
-0.6677,0.0378
-0.6675,0.0418
-0.6672,0.0453
-0.6670,0.0483
-0.6667,0.0508
-0.6665,0.0526
-0.6662,0.0539
-0.6660,0.0546
-0.6658,0.0546
-0.6655,0.0541
-0.6653,0.0529
-0.6650,0.0511
-0.6648,0.0487
-0.6645,0.0458
-0.6643,0.0423
-0.6640,0.0384
-0.6638,0.0340
-0.6636,0.0293
-0.6633,0.0242
-0.6631,0.0188
-0.6628,0.0132
-0.6626,0.0075
-0.6623,0.0016
-0.6621,-0.0042
-0.6618,-0.0100
-0.6616,-0.0157
-0.6614,-0.0212
-0.6611,-0.0265
-0.6609,-0.0315
-0.6606,-0.0361
-0.6604,-0.0403
-0.6601,-0.0440
-0.6599,-0.0472
-0.6596,-0.0499
-0.6594,-0.0521
-0.6592,-0.0536
-0.6589,-0.0545
-0.6587,-0.0548
-0.6584,-0.0545
-0.6582,-0.0535
-0.6579,-0.0520
-0.6577,-0.0498
-0.6574,-0.0471
-0.6572,-0.0438
-0.6570,-0.0400
-0.6567,-0.0358
-0.6565,-0.0311
-0.6562,-0.0261
-0.6560,-0.0208
-0.6557,-0.0152
-0.6555,-0.0095
-0.6553,-0.0036
-0.6550,0.0022
-0.6548,0.0081
-0.6545,0.0139
-0.6543,0.0195
-0.6540,0.0249
-0.6538,0.0300
-0.6535,0.0347
-0.6533,0.0391
-0.6531,0.0430
-0.6528,0.0464
-0.6526,0.0493
-0.6523,0.0516
-0.6521,0.0534
-0.6518,0.0545
-0.6516,0.0549
-0.6513,0.0548
-0.6511,0.0540
-0.6509,0.0526
-0.6506,0.0506
-0.6504,0.0480
-0.6501,0.0448
-0.6499,0.0411
-0.6496,0.0370
-0.6494,0.0324
-0.6491,0.0274
-0.6489,0.0221
-0.6487,0.0166
-0.6484,0.0109
-0.6482,0.0050
-0.6479,-0.0009
-0.6477,-0.0068
-0.6474,-0.0127
-0.6472,-0.0183
-0.6470,-0.0238
-0.6467,-0.0290
-0.6465,-0.0339
-0.6462,-0.0384
-0.6460,-0.0424
-0.6457,-0.0459
-0.6455,-0.0490
-0.6452,-0.0514
-0.6450,-0.0532
-0.6448,-0.0545
-0.6445,-0.0551
-0.6443,-0.0550
-0.6440,-0.0543
-0.6438,-0.0530
-0.6435,-0.0511
-0.6433,-0.0485
-0.6430,-0.0454
-0.6428,-0.0418
-0.6426,-0.0377
-0.6423,-0.0331
-0.6421,-0.0282
-0.6418,-0.0229
-0.6416,-0.0173
-0.6413,-0.0116
-0.6411,-0.0057
-0.6408,0.0003
-0.6406,0.0062
-0.6404,0.0121
-0.6401,0.0178
-0.6399,0.0234
-0.6396,0.0286
-0.6394,0.0336
-0.6391,0.0381
-0.6389,0.0422
-0.6387,0.0458
-0.6384,0.0489
-0.6382,0.0514
-0.6379,0.0533
-0.6377,0.0545
-0.6374,0.0552
-0.6372,0.0552
-0.6369,0.0545
-0.6367,0.0532
-0.6365,0.0513
-0.6362,0.0487
-0.6360,0.0456
-0.6357,0.0420
-0.6355,0.0379
-0.6352,0.0333
-0.6350,0.0283
-0.6347,0.0230
-0.6345,0.0174
-0.6343,0.0116
-0.6340,0.0057
-0.6338,-0.0003
-0.6335,-0.0063
-0.6333,-0.0122
-0.6330,-0.0180
-0.6328,-0.0236
-0.6325,-0.0289
-0.6323,-0.0338
-0.6321,-0.0384
-0.6318,-0.0425
-0.6316,-0.0461
-0.6313,-0.0491
-0.6311,-0.0516
-0.6308,-0.0535
-0.6306,-0.0547
-0.6304,-0.0553
-0.6301,-0.0553
-0.6299,-0.0546
-0.6296,-0.0532
-0.6294,-0.0512
-0.6291,-0.0486
-0.6289,-0.0455
-0.6286,-0.0417
-0.6284,-0.0375
-0.6282,-0.0329
-0.6279,-0.0278
-0.6277,-0.0225
-0.6274,-0.0168
-0.6272,-0.0110
-0.6269,-0.0050
-0.6267,0.0010
-0.6264,0.0071
-0.6262,0.0130
-0.6260,0.0188
-0.6257,0.0244
-0.6255,0.0297
-0.6252,0.0346
-0.6250,0.0391
-0.6247,0.0432
-0.6245,0.0467
-0.6242,0.0497
-0.6240,0.0521
-0.6238,0.0539
-0.6235,0.0550
-0.6233,0.0555
-0.6230,0.0553
-0.6228,0.0545
-0.6225,0.0530
-0.6223,0.0509
-0.6220,0.0482
-0.6218,0.0449
-0.6216,0.0410
-0.6213,0.0367
-0.6211,0.0319
-0.6208,0.0268
-0.6206,0.0213
-0.6203,0.0156
-0.6201,0.0096
-0.6199,0.0036
-0.6196,-0.0025
-0.6194,-0.0085
-0.6191,-0.0145
-0.6189,-0.0203
-0.6186,-0.0258
-0.6184,-0.0311
-0.6181,-0.0359
-0.6179,-0.0404
-0.6177,-0.0443
-0.6174,-0.0477
-0.6172,-0.0506
-0.6169,-0.0528
-0.6167,-0.0544
-0.6164,-0.0554
-0.6162,-0.0557
-0.6159,-0.0553
-0.6157,-0.0543
-0.6155,-0.0526
-0.6152,-0.0502
-0.6150,-0.0473
-0.6147,-0.0438
-0.6145,-0.0398
-0.6142,-0.0353
-0.6140,-0.0303
-0.6137,-0.0250
-0.6135,-0.0194
-0.6133,-0.0136
-0.6130,-0.0075
-0.6128,-0.0014
-0.6125,0.0047
-0.6123,0.0108
-0.6120,0.0167
-0.6118,0.0224
-0.6116,0.0279
-0.6113,0.0330
-0.6111,0.0378
-0.6108,0.0421
-0.6106,0.0458
-0.6103,0.0491
-0.6101,0.0517
-0.6098,0.0537
-0.6096,0.0551
-0.6094,0.0557
-0.6091,0.0558
-0.6089,0.0551
-0.6086,0.0538
-0.6084,0.0518
-0.6081,0.0492
-0.6079,0.0460
-0.6076,0.0422
-0.6074,0.0379
-0.6072,0.0332
-0.6069,0.0280
-0.6067,0.0225
-0.6064,0.0168
-0.6062,0.0108
-0.6059,0.0047
-0.6057,-0.0015
-0.6054,-0.0076
-0.6052,-0.0137
-0.6050,-0.0196
-0.6047,-0.0252
-0.6045,-0.0306
-0.6042,-0.0356
-0.6040,-0.0401
-0.6037,-0.0442
-0.6035,-0.0477
-0.6033,-0.0506
-0.6030,-0.0530
-0.6028,-0.0546
-0.6025,-0.0557
-0.6023,-0.0560
-0.6020,-0.0556
-0.6018,-0.0546
-0.6015,-0.0529
-0.6013,-0.0506
-0.6011,-0.0476
-0.6008,-0.0440
-0.6006,-0.0400
-0.6003,-0.0354
-0.6001,-0.0304
-0.5998,-0.0250
-0.5996,-0.0193
-0.5993,-0.0134
-0.5991,-0.0073
-0.5989,-0.0011
-0.5986,0.0051
-0.5984,0.0113
-0.5981,0.0173
-0.5979,0.0231
-0.5976,0.0286
-0.5974,0.0338
-0.5971,0.0385
-0.5969,0.0428
-0.5967,0.0466
-0.5964,0.0498
-0.5962,0.0523
-0.5959,0.0543
-0.5957,0.0555
-0.5954,0.0561
-0.5952,0.0560
-0.5949,0.0552
-0.5947,0.0537
-0.5945,0.0516
-0.5942,0.0488
-0.5940,0.0454
-0.5937,0.0414
-0.5935,0.0370
-0.5932,0.0321
-0.5930,0.0268
-0.5928,0.0211
-0.5925,0.0152
-0.5923,0.0091
-0.5920,0.0029
-0.5918,-0.0034
-0.5915,-0.0096
-0.5913,-0.0157
-0.5910,-0.0216
-0.5908,-0.0272
-0.5906,-0.0325
-0.5903,-0.0374
-0.5901,-0.0419
-0.5898,-0.0458
-0.5896,-0.0491
-0.5893,-0.0519
-0.5891,-0.0540
-0.5888,-0.0554
-0.5886,-0.0562
-0.5884,-0.0562
-0.5881,-0.0556
-0.5879,-0.0542
-0.5876,-0.0522
-0.5874,-0.0496
-0.5871,-0.0463
-0.5869,-0.0424
-0.5866,-0.0380
-0.5864,-0.0332
-0.5862,-0.0279
-0.5859,-0.0223
-0.5857,-0.0163
-0.5854,-0.0102
-0.5852,-0.0040
-0.5849,0.0023
-0.5847,0.0086
-0.5845,0.0147
-0.5842,0.0207
-0.5840,0.0264
-0.5837,0.0318
-0.5835,0.0368
-0.5832,0.0414
-0.5830,0.0454
-0.5827,0.0489
-0.5825,0.0517
-0.5823,0.0539
-0.5820,0.0554
-0.5818,0.0563
-0.5815,0.0564
-0.5813,0.0558
-0.5810,0.0546
-0.5808,0.0526
-0.5805,0.0500
-0.5803,0.0467
-0.5801,0.0429
-0.5798,0.0385
-0.5796,0.0336
-0.5793,0.0284
-0.5791,0.0227
-0.5788,0.0168
-0.5786,0.0106
-0.5783,0.0044
-0.5781,-0.0020
-0.5779,-0.0083
-0.5776,-0.0145
-0.5774,-0.0205
-0.5771,-0.0263
-0.5769,-0.0318
-0.5766,-0.0368
-0.5764,-0.0414
-0.5762,-0.0455
-0.5759,-0.0490
-0.5757,-0.0518
-0.5754,-0.0541
-0.5752,-0.0556
-0.5749,-0.0564
-0.5747,-0.0566
-0.5744,-0.0560
-0.5742,-0.0547
-0.5740,-0.0527
-0.5737,-0.0500
-0.5735,-0.0468
-0.5732,-0.0429
-0.5730,-0.0384
-0.5727,-0.0335
-0.5725,-0.0282
-0.5722,-0.0225
-0.5720,-0.0165
-0.5718,-0.0103
-0.5715,-0.0040
-0.5713,0.0024
-0.5710,0.0088
-0.5708,0.0150
-0.5705,0.0211
-0.5703,0.0269
-0.5700,0.0323
-0.5698,0.0374
-0.5696,0.0419
-0.5693,0.0460
-0.5691,0.0494
-0.5688,0.0523
-0.5686,0.0544
-0.5683,0.0559
-0.5681,0.0566
-0.5679,0.0567
-0.5676,0.0560
-0.5674,0.0546
-0.5671,0.0525
-0.5669,0.0497
-0.5666,0.0463
-0.5664,0.0423
-0.5661,0.0378
-0.5659,0.0328
-0.5657,0.0273
-0.5654,0.0216
-0.5652,0.0155
-0.5649,0.0092
-0.5647,0.0028
-0.5644,-0.0036
-0.5642,-0.0100
-0.5639,-0.0163
-0.5637,-0.0223
-0.5635,-0.0281
-0.5632,-0.0335
-0.5630,-0.0385
-0.5627,-0.0430
-0.5625,-0.0469
-0.5622,-0.0503
-0.5620,-0.0530
-0.5617,-0.0550
-0.5615,-0.0563
-0.5613,-0.0569
-0.5610,-0.0567
-0.5608,-0.0559
-0.5605,-0.0543
-0.5603,-0.0520
-0.5600,-0.0490
-0.5598,-0.0454
-0.5595,-0.0413
-0.5593,-0.0366
-0.5591,-0.0314
-0.5588,-0.0258
-0.5586,-0.0199
-0.5583,-0.0137
-0.5581,-0.0073
-0.5578,-0.0009
-0.5576,0.0056
-0.5574,0.0120
-0.5571,0.0183
-0.5569,0.0243
-0.5566,0.0300
-0.5564,0.0353
-0.5561,0.0402
-0.5559,0.0445
-0.5556,0.0483
-0.5554,0.0514
-0.5552,0.0539
-0.5549,0.0557
-0.5547,0.0567
-0.5544,0.0571
-0.5542,0.0567
-0.5539,0.0555
-0.5537,0.0537
-0.5534,0.0511
-0.5532,0.0479
-0.5530,0.0440
-0.5527,0.0396
-0.5525,0.0346
-0.5522,0.0292
-0.5520,0.0235
-0.5517,0.0174
-0.5515,0.0111
-0.5512,0.0046
-0.5510,-0.0019
-0.5508,-0.0084
-0.5505,-0.0148
-0.5503,-0.0210
-0.5500,-0.0269
-0.5498,-0.0325
-0.5495,-0.0377
-0.5493,-0.0423
-0.5491,-0.0464
-0.5488,-0.0500
-0.5486,-0.0528
-0.5483,-0.0550
-0.5481,-0.0564
-0.5478,-0.0572
-0.5476,-0.0571
-0.5473,-0.0564
-0.5471,-0.0548
-0.5469,-0.0526
-0.5466,-0.0497
-0.5464,-0.0461
-0.5461,-0.0419
-0.5459,-0.0372
-0.5456,-0.0320
-0.5454,-0.0263
-0.5451,-0.0203
-0.5449,-0.0141
-0.5447,-0.0076
-0.5444,-0.0011
-0.5442,0.0055
-0.5439,0.0120
-0.5437,0.0183
-0.5434,0.0244
-0.5432,0.0302
-0.5429,0.0356
-0.5427,0.0405
-0.5425,0.0449
-0.5422,0.0487
-0.5420,0.0519
-0.5417,0.0544
-0.5415,0.0561
-0.5412,0.0571
-0.5410,0.0574
-0.5408,0.0569
-0.5405,0.0557
-0.5403,0.0537
-0.5400,0.0510
-0.5398,0.0476
-0.5395,0.0436
-0.5393,0.0391
-0.5390,0.0340
-0.5388,0.0284
-0.5386,0.0225
-0.5383,0.0163
-0.5381,0.0099
-0.5378,0.0033
-0.5376,-0.0033
-0.5373,-0.0099
-0.5371,-0.0164
-0.5368,-0.0226
-0.5366,-0.0285
-0.5364,-0.0341
-0.5361,-0.0392
-0.5359,-0.0438
-0.5356,-0.0478
-0.5354,-0.0512
-0.5351,-0.0539
-0.5349,-0.0558
-0.5346,-0.0571
-0.5344,-0.0576
-0.5342,-0.0573
-0.5339,-0.0562
-0.5337,-0.0544
-0.5334,-0.0519
-0.5332,-0.0487
-0.5329,-0.0448
-0.5327,-0.0403
-0.5324,-0.0353
-0.5322,-0.0298
-0.5320,-0.0240
-0.5317,-0.0178
-0.5315,-0.0113
-0.5312,-0.0047
-0.5310,0.0020
-0.5307,0.0086
-0.5305,0.0151
-0.5303,0.0215
-0.5300,0.0275
-0.5298,0.0332
-0.5295,0.0384
-0.5293,0.0431
-0.5290,0.0473
-0.5288,0.0508
-0.5285,0.0536
-0.5283,0.0557
-0.5281,0.0571
-0.5278,0.0577
-0.5276,0.0575
-0.5273,0.0566
-0.5271,0.0549
-0.5268,0.0524
-0.5266,0.0493
-0.5263,0.0455
-0.5261,0.0410
-0.5259,0.0360
-0.5256,0.0306
-0.5254,0.0247
-0.5251,0.0185
-0.5249,0.0120
-0.5246,0.0053
-0.5244,-0.0014
-0.5241,-0.0081
-0.5239,-0.0146
-0.5237,-0.0210
-0.5234,-0.0272
-0.5232,-0.0329
-0.5229,-0.0382
-0.5227,-0.0430
-0.5224,-0.0472
-0.5222,-0.0508
-0.5220,-0.0537
-0.5217,-0.0558
-0.5215,-0.0572
-0.5212,-0.0579
-0.5210,-0.0577
-0.5207,-0.0568
-0.5205,-0.0551
-0.5202,-0.0526
-0.5200,-0.0494
-0.5198,-0.0456
-0.5195,-0.0411
-0.5193,-0.0361
-0.5190,-0.0306
-0.5188,-0.0247
-0.5185,-0.0184
-0.5183,-0.0119
-0.5180,-0.0052
-0.5178,0.0016
-0.5176,0.0083
-0.5173,0.0150
-0.5171,0.0214
-0.5168,0.0275
-0.5166,0.0333
-0.5163,0.0386
-0.5161,0.0434
-0.5158,0.0476
-0.5156,0.0512
-0.5154,0.0540
-0.5151,0.0561
-0.5149,0.0575
-0.5146,0.0581
-0.5144,0.0578
-0.5141,0.0568
-0.5139,0.0550
-0.5137,0.0525
-0.5134,0.0492
-0.5132,0.0452
-0.5129,0.0407
-0.5127,0.0355
-0.5124,0.0299
-0.5122,0.0239
-0.5119,0.0175
-0.5117,0.0109
-0.5115,0.0042
-0.5112,-0.0027
-0.5110,-0.0094
-0.5107,-0.0161
-0.5105,-0.0225
-0.5102,-0.0287
-0.5100,-0.0344
-0.5097,-0.0397
-0.5095,-0.0444
-0.5093,-0.0485
-0.5090,-0.0520
-0.5088,-0.0547
-0.5085,-0.0567
-0.5083,-0.0579
-0.5080,-0.0583
-0.5078,-0.0578
-0.5075,-0.0566
-0.5073,-0.0547
-0.5071,-0.0519
-0.5068,-0.0484
-0.5066,-0.0443
-0.5063,-0.0396
-0.5061,-0.0343
-0.5058,-0.0285
-0.5056,-0.0223
-0.5054,-0.0158
-0.5051,-0.0091
-0.5049,-0.0023
-0.5046,0.0046
-0.5044,0.0114
-0.5041,0.0181
-0.5039,0.0245
-0.5036,0.0305
-0.5034,0.0362
-0.5032,0.0413
-0.5029,0.0459
-0.5027,0.0498
-0.5024,0.0531
-0.5022,0.0556
-0.5019,0.0573
-0.5017,0.0583
-0.5014,0.0584
-0.5012,0.0577
-0.5010,0.0562
-0.5007,0.0539
-0.5005,0.0509
-0.5002,0.0472
-0.5000,0.0427
-0.4997,0.0377
-0.4995,0.0322
-0.4992,0.0262
-0.4990,0.0199
-0.4988,0.0133
-0.4985,0.0064
-0.4983,-0.0005
-0.4980,-0.0074
-0.4978,-0.0142
-0.4975,-0.0208
-0.4973,-0.0271
-0.4970,-0.0331
-0.4968,-0.0386
-0.4966,-0.0435
-0.4963,-0.0478
-0.4961,-0.0515
-0.4958,-0.0545
-0.4956,-0.0566
-0.4953,-0.0580
-0.4951,-0.0586
-0.4949,-0.0583
-0.4946,-0.0573
-0.4944,-0.0554
-0.4941,-0.0527
-0.4939,-0.0493
-0.4936,-0.0452
-0.4934,-0.0405
-0.4931,-0.0352
-0.4929,-0.0293
-0.4927,-0.0231
-0.4924,-0.0166
-0.4922,-0.0098
-0.4919,-0.0028
-0.4917,0.0041
-0.4914,0.0111
-0.4912,0.0178
-0.4909,0.0244
-0.4907,0.0305
-0.4905,0.0363
-0.4902,0.0415
-0.4900,0.0462
-0.4897,0.0502
-0.4895,0.0534
-0.4892,0.0560
-0.4890,0.0577
-0.4887,0.0586
-0.4885,0.0587
-0.4883,0.0580
-0.4880,0.0564
-0.4878,0.0540
-0.4875,0.0509
-0.4873,0.0470
-0.4870,0.0425
-0.4868,0.0373
-0.4866,0.0317
-0.4863,0.0255
-0.4861,0.0190
-0.4858,0.0123
-0.4856,0.0053
-0.4853,-0.0017
-0.4851,-0.0087
-0.4848,-0.0156
-0.4846,-0.0223
-0.4844,-0.0286
-0.4841,-0.0346
-0.4839,-0.0400
-0.4836,-0.0449
-0.4834,-0.0491
-0.4831,-0.0527
-0.4829,-0.0555
-0.4826,-0.0575
-0.4824,-0.0586
-0.4822,-0.0590
-0.4819,-0.0584
-0.4817,-0.0571
-0.4814,-0.0549
-0.4812,-0.0520
-0.4809,-0.0483
-0.4807,-0.0439
-0.4804,-0.0388
-0.4802,-0.0332
-0.4800,-0.0271
-0.4797,-0.0207
-0.4795,-0.0139
-0.4792,-0.0069
-0.4790,0.0001
-0.4787,0.0072
-0.4785,0.0142
-0.4783,0.0210
-0.4780,0.0274
-0.4778,0.0335
-0.4775,0.0391
-0.4773,0.0441
-0.4770,0.0485
-0.4768,0.0522
-0.4765,0.0552
-0.4763,0.0573
-0.4761,0.0587
-0.4758,0.0591
-0.4756,0.0588
-0.4753,0.0575
-0.4751,0.0555
-0.4748,0.0526
-0.4746,0.0490
-0.4743,0.0446
-0.4741,0.0396
-0.4739,0.0341
-0.4736,0.0280
-0.4734,0.0215
-0.4731,0.0147
-0.4729,0.0077
-0.4726,0.0006
-0.4724,-0.0066
-0.4721,-0.0136
-0.4719,-0.0204
-0.4717,-0.0270
-0.4714,-0.0332
-0.4712,-0.0388
-0.4709,-0.0440
-0.4707,-0.0484
-0.4704,-0.0522
-0.4702,-0.0552
-0.4699,-0.0574
-0.4697,-0.0588
-0.4695,-0.0593
-0.4692,-0.0590
-0.4690,-0.0578
-0.4687,-0.0557
-0.4685,-0.0528
-0.4682,-0.0492
-0.4680,-0.0448
-0.4678,-0.0398
-0.4675,-0.0342
-0.4673,-0.0280
-0.4670,-0.0215
-0.4668,-0.0147
-0.4665,-0.0076
-0.4663,-0.0004
-0.4660,0.0068
-0.4658,0.0139
-0.4656,0.0208
-0.4653,0.0274
-0.4651,0.0336
-0.4648,0.0393
-0.4646,0.0444
-0.4643,0.0489
-0.4641,0.0526
-0.4638,0.0556
-0.4636,0.0578
-0.4634,0.0591
-0.4631,0.0595
-0.4629,0.0591
-0.4626,0.0578
-0.4624,0.0556
-0.4621,0.0526
-0.4619,0.0489
-0.4616,0.0444
-0.4614,0.0392
-0.4612,0.0335
-0.4609,0.0273
-0.4607,0.0206
-0.4604,0.0137
-0.4602,0.0066
-0.4599,-0.0007
-0.4597,-0.0079
-0.4595,-0.0151
-0.4592,-0.0220
-0.4590,-0.0285
-0.4587,-0.0347
-0.4585,-0.0404
-0.4582,-0.0454
-0.4580,-0.0498
-0.4577,-0.0534
-0.4575,-0.0563
-0.4573,-0.0583
-0.4570,-0.0594
-0.4568,-0.0597
-0.4565,-0.0591
-0.4563,-0.0575
-0.4560,-0.0552
-0.4558,-0.0520
-0.4555,-0.0480
-0.4553,-0.0433
-0.4551,-0.0380
-0.4548,-0.0321
-0.4546,-0.0257
-0.4543,-0.0189
-0.4541,-0.0118
-0.4538,-0.0046
-0.4536,0.0027
-0.4533,0.0100
-0.4531,0.0171
-0.4529,0.0240
-0.4526,0.0305
-0.4524,0.0366
-0.4521,0.0421
-0.4519,0.0470
-0.4516,0.0512
-0.4514,0.0546
-0.4512,0.0572
-0.4509,0.0590
-0.4507,0.0598
-0.4504,0.0598
-0.4502,0.0588
-0.4499,0.0570
-0.4497,0.0543
-0.4494,0.0508
-0.4492,0.0465
-0.4490,0.0415
-0.4487,0.0359
-0.4485,0.0298
-0.4482,0.0232
-0.4480,0.0162
-0.4477,0.0090
-0.4475,0.0016
-0.4472,-0.0057
-0.4470,-0.0130
-0.4468,-0.0201
-0.4465,-0.0269
-0.4463,-0.0333
-0.4460,-0.0392
-0.4458,-0.0445
-0.4455,-0.0491
-0.4453,-0.0530
-0.4450,-0.0561
-0.4448,-0.0583
-0.4446,-0.0597
-0.4443,-0.0601
-0.4441,-0.0596
-0.4438,-0.0582
-0.4436,-0.0560
-0.4433,-0.0529
-0.4431,-0.0489
-0.4429,-0.0443
-0.4426,-0.0389
-0.4424,-0.0330
-0.4421,-0.0265
-0.4419,-0.0196
-0.4416,-0.0125
-0.4414,-0.0051
-0.4411,0.0023
-0.4409,0.0097
-0.4407,0.0170
-0.4404,0.0240
-0.4402,0.0306
-0.4399,0.0368
-0.4397,0.0424
-0.4394,0.0474
-0.4392,0.0516
-0.4389,0.0551
-0.4387,0.0577
-0.4385,0.0594
-0.4382,0.0602
-0.4380,0.0601
-0.4377,0.0591
-0.4375,0.0571
-0.4372,0.0543
-0.4370,0.0507
-0.4367,0.0462
-0.4365,0.0411
-0.4363,0.0353
-0.4360,0.0290
-0.4358,0.0222
-0.4355,0.0151
-0.4353,0.0077
-0.4350,0.0002
-0.4348,-0.0073
-0.4345,-0.0146
-0.4343,-0.0218
-0.4341,-0.0286
-0.4338,-0.0350
-0.4336,-0.0409
-0.4333,-0.0461
-0.4331,-0.0506
-0.4328,-0.0543
-0.4326,-0.0572
-0.4324,-0.0592
-0.4321,-0.0603
-0.4319,-0.0604
-0.4316,-0.0597
-0.4314,-0.0579
-0.4311,-0.0553
-0.4309,-0.0519
-0.4306,-0.0476
-0.4304,-0.0425
-0.4302,-0.0369
-0.4299,-0.0306
-0.4297,-0.0239
-0.4294,-0.0167
-0.4292,-0.0094
-0.4289,-0.0018
-0.4287,0.0057
-0.4284,0.0132
-0.4282,0.0205
-0.4280,0.0274
-0.4277,0.0340
-0.4275,0.0400
-0.4272,0.0454
-0.4270,0.0500
-0.4267,0.0539
-0.4265,0.0570
-0.4262,0.0591
-0.4260,0.0604
-0.4258,0.0607
-0.4255,0.0600
-0.4253,0.0584
-0.4250,0.0559
-0.4248,0.0525
-0.4245,0.0483
-0.4243,0.0433
-0.4241,0.0376
-0.4238,0.0314
-0.4236,0.0246
-0.4233,0.0175
-0.4231,0.0101
-0.4228,0.0025
-0.4226,-0.0051
-0.4223,-0.0127
-0.4221,-0.0201
-0.4219,-0.0271
-0.4216,-0.0337
-0.4214,-0.0398
-0.4211,-0.0453
-0.4209,-0.0500
-0.4206,-0.0540
-0.4204,-0.0571
-0.4201,-0.0593
-0.4199,-0.0606
-0.4197,-0.0609
-0.4194,-0.0602
-0.4192,-0.0586
-0.4189,-0.0561
-0.4187,-0.0527
-0.4184,-0.0484
-0.4182,-0.0434
-0.4179,-0.0377
-0.4177,-0.0313
-0.4175,-0.0245
-0.4172,-0.0173
-0.4170,-0.0098
-0.4167,-0.0021
-0.4165,0.0056
-0.4162,0.0132
-0.4160,0.0206
-0.4158,0.0276
-0.4155,0.0343
-0.4153,0.0404
-0.4150,0.0458
-0.4148,0.0506
-0.4145,0.0545
-0.4143,0.0575
-0.4140,0.0597
-0.4138,0.0609
-0.4136,0.0611
-0.4133,0.0603
-0.4131,0.0586
-0.4128,0.0559
-0.4126,0.0523
-0.4123,0.0479
-0.4121,0.0427
-0.4118,0.0369
-0.4116,0.0304
-0.4114,0.0235
-0.4111,0.0161
-0.4109,0.0085
-0.4106,0.0008
-0.4104,-0.0070
-0.4101,-0.0146
-0.4099,-0.0220
-0.4096,-0.0291
-0.4094,-0.0357
-0.4092,-0.0417
-0.4089,-0.0471
-0.4087,-0.0517
-0.4084,-0.0554
-0.4082,-0.0583
-0.4079,-0.0602
-0.4077,-0.0612
-0.4074,-0.0612
-0.4072,-0.0602
-0.4070,-0.0582
-0.4067,-0.0552
-0.4065,-0.0514
-0.4062,-0.0467
-0.4060,-0.0413
-0.4057,-0.0352
-0.4055,-0.0286
-0.4053,-0.0214
-0.4050,-0.0139
-0.4048,-0.0062
-0.4045,0.0016
-0.4043,0.0094
-0.4040,0.0171
-0.4038,0.0244
-0.4035,0.0314
-0.4033,0.0379
-0.4031,0.0438
-0.4028,0.0489
-0.4026,0.0533
-0.4023,0.0568
-0.4021,0.0593
-0.4018,0.0609
-0.4016,0.0615
-0.4013,0.0611
-0.4011,0.0597
-0.4009,0.0573
-0.4006,0.0540
-0.4004,0.0498
-0.4001,0.0448
-0.3999,0.0390
-0.3996,0.0326
-0.3994,0.0257
-0.3991,0.0183
-0.3989,0.0107
-0.3987,0.0028
-0.3984,-0.0051
-0.3982,-0.0129
-0.3979,-0.0205
-0.3977,-0.0278
-0.3974,-0.0346
-0.3972,-0.0409
-0.3970,-0.0464
-0.3967,-0.0513
-0.3965,-0.0553
-0.3962,-0.0583
-0.3960,-0.0604
-0.3957,-0.0616
-0.3955,-0.0617
-0.3952,-0.0607
-0.3950,-0.0588
-0.3948,-0.0559
-0.3945,-0.0521
-0.3943,-0.0474
-0.3940,-0.0419
-0.3938,-0.0358
-0.3935,-0.0290
-0.3933,-0.0217
-0.3930,-0.0141
-0.3928,-0.0063
-0.3926,0.0017
-0.3923,0.0096
-0.3921,0.0174
-0.3918,0.0249
-0.3916,0.0320
-0.3913,0.0386
-0.3911,0.0445
-0.3908,0.0497
-0.3906,0.0540
-0.3904,0.0575
-0.3901,0.0600
-0.3899,0.0615
-0.3896,0.0620
-0.3894,0.0614
-0.3891,0.0598
-0.3889,0.0572
-0.3887,0.0537
-0.3884,0.0493
-0.3882,0.0440
-0.3879,0.0380
-0.3877,0.0313
-0.3874,0.0242
-0.3872,0.0166
-0.3869,0.0087
-0.3867,0.0007
-0.3865,-0.0073
-0.3862,-0.0152
-0.3860,-0.0229
-0.3857,-0.0302
-0.3855,-0.0370
-0.3852,-0.0431
-0.3850,-0.0485
-0.3847,-0.0532
-0.3845,-0.0569
-0.3843,-0.0597
-0.3840,-0.0614
-0.3838,-0.0622
-0.3835,-0.0618
-0.3833,-0.0605
-0.3830,-0.0581
-0.3828,-0.0547
-0.3825,-0.0504
-0.3823,-0.0453
-0.3821,-0.0394
-0.3818,-0.0328
-0.3816,-0.0256
-0.3813,-0.0180
-0.3811,-0.0101
-0.3808,-0.0021
-0.3806,0.0060
-0.3804,0.0141
-0.3801,0.0218
-0.3799,0.0292
-0.3796,0.0362
-0.3794,0.0425
-0.3791,0.0481
-0.3789,0.0528
-0.3786,0.0567
-0.3784,0.0596
-0.3782,0.0615
-0.3779,0.0624
-0.3777,0.0621
-0.3774,0.0609
-0.3772,0.0585
-0.3769,0.0552
-0.3767,0.0510
-0.3764,0.0458
-0.3762,0.0399
-0.3760,0.0333
-0.3757,0.0261
-0.3755,0.0185
-0.3752,0.0105
-0.3750,0.0024
-0.3747,-0.0058
-0.3745,-0.0139
-0.3742,-0.0218
-0.3740,-0.0293
-0.3738,-0.0362
-0.3735,-0.0426
-0.3733,-0.0483
-0.3730,-0.0531
-0.3728,-0.0570
-0.3725,-0.0599
-0.3723,-0.0618
-0.3720,-0.0626
-0.3718,-0.0623
-0.3716,-0.0610
-0.3713,-0.0586
-0.3711,-0.0552
-0.3708,-0.0509
-0.3706,-0.0456
-0.3703,-0.0396
-0.3701,-0.0329
-0.3699,-0.0256
-0.3696,-0.0178
-0.3694,-0.0098
-0.3691,-0.0016
-0.3689,0.0067
-0.3686,0.0148
-0.3684,0.0227
-0.3681,0.0302
-0.3679,0.0372
-0.3677,0.0436
-0.3674,0.0491
-0.3672,0.0539
-0.3669,0.0577
-0.3667,0.0605
-0.3664,0.0622
-0.3662,0.0629
-0.3659,0.0624
-0.3657,0.0609
-0.3655,0.0583
-0.3652,0.0547
-0.3650,0.0501
-0.3647,0.0446
-0.3645,0.0384
-0.3642,0.0315
-0.3640,0.0240
-0.3637,0.0161
-0.3635,0.0079
-0.3633,-0.0004
-0.3630,-0.0087
-0.3628,-0.0169
-0.3625,-0.0248
-0.3623,-0.0322
-0.3620,-0.0391
-0.3618,-0.0453
-0.3616,-0.0507
-0.3613,-0.0552
-0.3611,-0.0588
-0.3608,-0.0613
-0.3606,-0.0627
-0.3603,-0.0631
-0.3601,-0.0623
-0.3598,-0.0604
-0.3596,-0.0574
-0.3594,-0.0535
-0.3591,-0.0486
-0.3589,-0.0428
-0.3586,-0.0362
-0.3584,-0.0291
-0.3581,-0.0213
-0.3579,-0.0133
-0.3576,-0.0049
-0.3574,0.0035
-0.3572,0.0119
-0.3569,0.0200
-0.3567,0.0278
-0.3564,0.0351
-0.3562,0.0418
-0.3559,0.0478
-0.3557,0.0529
-0.3554,0.0570
-0.3552,0.0602
-0.3550,0.0623
-0.3547,0.0632
-0.3545,0.0631
-0.3542,0.0618
-0.3540,0.0594
-0.3537,0.0560
-0.3535,0.0515
-0.3533,0.0461
-0.3530,0.0399
-0.3528,0.0330
-0.3525,0.0255
-0.3523,0.0175
-0.3520,0.0092
-0.3518,0.0007
-0.3515,-0.0078
-0.3513,-0.0161
-0.3511,-0.0242
-0.3508,-0.0319
-0.3506,-0.0389
-0.3503,-0.0453
-0.3501,-0.0509
-0.3498,-0.0555
-0.3496,-0.0591
-0.3493,-0.0617
-0.3491,-0.0632
-0.3489,-0.0635
-0.3486,-0.0627
-0.3484,-0.0608
-0.3481,-0.0577
-0.3479,-0.0536
-0.3476,-0.0486
-0.3474,-0.0426
-0.3471,-0.0359
-0.3469,-0.0285
-0.3467,-0.0206
-0.3464,-0.0123
-0.3462,-0.0038
-0.3459,0.0048
-0.3457,0.0133
-0.3454,0.0215
-0.3452,0.0294
-0.3449,0.0368
-0.3447,0.0434
-0.3445,0.0493
-0.3442,0.0543
-0.3440,0.0583
-0.3437,0.0613
-0.3435,0.0631
-0.3432,0.0638
-0.3430,0.0633
-0.3428,0.0617
-0.3425,0.0589
-0.3423,0.0550
-0.3420,0.0502
-0.3418,0.0444
-0.3415,0.0378
-0.3413,0.0305
-0.3410,0.0226
-0.3408,0.0143
-0.3406,0.0058
-0.3403,-0.0029
-0.3401,-0.0115
-0.3398,-0.0199
-0.3396,-0.0280
-0.3393,-0.0355
-0.3391,-0.0424
-0.3388,-0.0485
-0.3386,-0.0537
-0.3384,-0.0579
-0.3381,-0.0611
-0.3379,-0.0631
-0.3376,-0.0640
-0.3374,-0.0637
-0.3371,-0.0622
-0.3369,-0.0596
-0.3366,-0.0558
-0.3364,-0.0510
-0.3362,-0.0453
-0.3359,-0.0387
-0.3357,-0.0314
-0.3354,-0.0235
-0.3352,-0.0152
-0.3349,-0.0066
-0.3347,0.0021
-0.3345,0.0109
-0.3342,0.0194
-0.3340,0.0275
-0.3337,0.0352
-0.3335,0.0422
-0.3332,0.0484
-0.3330,0.0537
-0.3327,0.0580
-0.3325,0.0613
-0.3323,0.0634
-0.3320,0.0643
-0.3318,0.0640
-0.3315,0.0625
-0.3313,0.0598
-0.3310,0.0560
-0.3308,0.0512
-0.3305,0.0454
-0.3303,0.0387
-0.3301,0.0313
-0.3298,0.0234
-0.3296,0.0149
-0.3293,0.0062
-0.3291,-0.0026
-0.3288,-0.0114
-0.3286,-0.0200
-0.3283,-0.0282
-0.3281,-0.0359
-0.3279,-0.0429
-0.3276,-0.0491
-0.3274,-0.0544
-0.3271,-0.0586
-0.3269,-0.0618
-0.3266,-0.0638
-0.3264,-0.0645
-0.3262,-0.0641
-0.3259,-0.0624
-0.3257,-0.0596
-0.3254,-0.0556
-0.3252,-0.0506
-0.3249,-0.0446
-0.3247,-0.0377
-0.3244,-0.0302
-0.3242,-0.0220
-0.3240,-0.0134
-0.3237,-0.0046
-0.3235,0.0043
-0.3232,0.0132
-0.3230,0.0218
-0.3227,0.0300
-0.3225,0.0376
-0.3222,0.0445
-0.3220,0.0506
-0.3218,0.0557
-0.3215,0.0597
-0.3213,0.0626
-0.3210,0.0643
-0.3208,0.0648
-0.3205,0.0640
-0.3203,0.0620
-0.3200,0.0588
-0.3198,0.0545
-0.3196,0.0491
-0.3193,0.0428
-0.3191,0.0357
-0.3188,0.0278
-0.3186,0.0194
-0.3183,0.0107
-0.3181,0.0017
-0.3179,-0.0073
-0.3176,-0.0162
-0.3174,-0.0248
-0.3171,-0.0329
-0.3169,-0.0403
-0.3166,-0.0470
-0.3164,-0.0528
-0.3161,-0.0576
-0.3159,-0.0612
-0.3157,-0.0637
-0.3154,-0.0649
-0.3152,-0.0649
-0.3149,-0.0636
-0.3147,-0.0611
-0.3144,-0.0574
-0.3142,-0.0526
-0.3139,-0.0467
-0.3137,-0.0399
-0.3135,-0.0324
-0.3132,-0.0242
-0.3130,-0.0155
-0.3127,-0.0066
-0.3125,0.0025
-0.3122,0.0116
-0.3120,0.0204
-0.3117,0.0289
-0.3115,0.0368
-0.3113,0.0439
-0.3110,0.0503
-0.3108,0.0556
-0.3105,0.0598
-0.3103,0.0629
-0.3100,0.0648
-0.3098,0.0653
-0.3095,0.0646
-0.3093,0.0626
-0.3091,0.0594
-0.3088,0.0550
-0.3086,0.0495
-0.3083,0.0431
-0.3081,0.0358
-0.3078,0.0278
-0.3076,0.0192
-0.3074,0.0102
-0.3071,0.0011
-0.3069,-0.0081
-0.3066,-0.0172
-0.3064,-0.0259
-0.3061,-0.0341
-0.3059,-0.0416
-0.3056,-0.0483
-0.3054,-0.0541
-0.3052,-0.0587
-0.3049,-0.0623
-0.3047,-0.0646
-0.3044,-0.0656
-0.3042,-0.0652
-0.3039,-0.0636
-0.3037,-0.0608
-0.3034,-0.0567
-0.3032,-0.0515
-0.3030,-0.0452
-0.3027,-0.0381
-0.3025,-0.0301
-0.3022,-0.0216
-0.3020,-0.0126
-0.3017,-0.0034
-0.3015,0.0059
-0.3012,0.0151
-0.3010,0.0240
-0.3008,0.0324
-0.3005,0.0402
-0.3003,0.0471
-0.3000,0.0532
-0.2998,0.0581
-0.2995,0.0619
-0.2993,0.0645
-0.2991,0.0657
-0.2988,0.0657
-0.2986,0.0643
-0.2983,0.0616
-0.2981,0.0577
-0.2978,0.0526
-0.2976,0.0464
-0.2973,0.0393
-0.2971,0.0314
-0.2969,0.0228
-0.2966,0.0138
-0.2964,0.0045
-0.2961,-0.0049
-0.2959,-0.0142
-0.2956,-0.0232
-0.2954,-0.0318
-0.2951,-0.0397
-0.2949,-0.0468
-0.2947,-0.0530
-0.2944,-0.0581
-0.2942,-0.0620
-0.2939,-0.0647
-0.2937,-0.0660
-0.2934,-0.0660
-0.2932,-0.0646
-0.2929,-0.0619
-0.2927,-0.0580
-0.2925,-0.0528
-0.2922,-0.0466
-0.2920,-0.0394
-0.2917,-0.0314
-0.2915,-0.0228
-0.2912,-0.0137
-0.2910,-0.0042
-0.2908,0.0053
-0.2905,0.0147
-0.2903,0.0238
-0.2900,0.0324
-0.2898,0.0403
-0.2895,0.0475
-0.2893,0.0536
-0.2890,0.0587
-0.2888,0.0625
-0.2886,0.0651
-0.2883,0.0663
-0.2881,0.0662
-0.2878,0.0646
-0.2876,0.0618
-0.2873,0.0576
-0.2871,0.0523
-0.2868,0.0459
-0.2866,0.0385
-0.2864,0.0303
-0.2861,0.0214
-0.2859,0.0122
-0.2856,0.0026
-0.2854,-0.0070
-0.2851,-0.0164
-0.2849,-0.0256
-0.2846,-0.0342
-0.2844,-0.0421
-0.2842,-0.0491
-0.2839,-0.0551
-0.2837,-0.0599
-0.2834,-0.0635
-0.2832,-0.0658
-0.2829,-0.0667
-0.2827,-0.0662
-0.2824,-0.0643
-0.2822,-0.0611
-0.2820,-0.0565
-0.2817,-0.0508
-0.2815,-0.0440
-0.2812,-0.0363
-0.2810,-0.0278
-0.2807,-0.0187
-0.2805,-0.0093
-0.2803,0.0004
-0.2800,0.0101
-0.2798,0.0196
-0.2795,0.0287
-0.2793,0.0371
-0.2790,0.0448
-0.2788,0.0516
-0.2785,0.0572
-0.2783,0.0617
-0.2781,0.0648
-0.2778,0.0666
-0.2776,0.0670
-0.2773,0.0659
-0.2771,0.0634
-0.2768,0.0596
-0.2766,0.0545
-0.2763,0.0483
-0.2761,0.0410
-0.2759,0.0328
-0.2756,0.0239
-0.2754,0.0146
-0.2751,0.0049
-0.2749,-0.0050
-0.2746,-0.0147
-0.2744,-0.0241
-0.2741,-0.0330
-0.2739,-0.0412
-0.2737,-0.0485
-0.2734,-0.0548
-0.2732,-0.0599
-0.2729,-0.0638
-0.2727,-0.0662
-0.2724,-0.0673
-0.2722,-0.0669
-0.2720,-0.0650
-0.2717,-0.0618
-0.2715,-0.0572
-0.2712,-0.0513
-0.2710,-0.0444
-0.2707,-0.0365
-0.2705,-0.0278
-0.2702,-0.0185
-0.2700,-0.0088
-0.2698,0.0011
-0.2695,0.0110
-0.2693,0.0207
-0.2690,0.0299
-0.2688,0.0385
-0.2685,0.0462
-0.2683,0.0530
-0.2680,0.0586
-0.2678,0.0629
-0.2676,0.0659
-0.2673,0.0674
-0.2671,0.0674
-0.2668,0.0660
-0.2666,0.0632
-0.2663,0.0589
-0.2661,0.0534
-0.2658,0.0467
-0.2656,0.0389
-0.2654,0.0304
-0.2651,0.0211
-0.2649,0.0114
-0.2646,0.0014
-0.2644,-0.0087
-0.2641,-0.0185
-0.2639,-0.0280
-0.2637,-0.0368
-0.2634,-0.0448
-0.2632,-0.0519
-0.2629,-0.0578
-0.2627,-0.0624
-0.2624,-0.0657
-0.2622,-0.0675
-0.2619,-0.0678
-0.2617,-0.0667
-0.2615,-0.0640
-0.2612,-0.0599
-0.2610,-0.0545
-0.2607,-0.0479
-0.2605,-0.0402
-0.2602,-0.0316
-0.2600,-0.0223
-0.2597,-0.0125
-0.2595,-0.0024
-0.2593,0.0077
-0.2590,0.0177
-0.2588,0.0273
-0.2585,0.0363
-0.2583,0.0445
-0.2580,0.0517
-0.2578,0.0578
-0.2575,0.0625
-0.2573,0.0659
-0.2571,0.0678
-0.2568,0.0682
-0.2566,0.0670
-0.2563,0.0643
-0.2561,0.0602
-0.2558,0.0547
-0.2556,0.0480
-0.2554,0.0402
-0.2551,0.0315
-0.2549,0.0221
-0.2546,0.0122
-0.2544,0.0020
-0.2541,-0.0083
-0.2539,-0.0184
-0.2536,-0.0281
-0.2534,-0.0371
-0.2532,-0.0453
-0.2529,-0.0525
-0.2527,-0.0586
-0.2524,-0.0632
-0.2522,-0.0665
-0.2519,-0.0682
-0.2517,-0.0684
-0.2514,-0.0670
-0.2512,-0.0641
-0.2510,-0.0598
-0.2507,-0.0541
-0.2505,-0.0471
-0.2502,-0.0390
-0.2500,-0.0301
-0.2497,-0.0204
-0.2495,-0.0103
-0.2492,0.0000
-0.2490,0.0104
-0.2488,0.0206
-0.2485,0.0302
-0.2483,0.0392
-0.2480,0.0473
-0.2478,0.0543
-0.2475,0.0601
-0.2473,0.0645
-0.2470,0.0674
-0.2468,0.0687
-0.2466,0.0685
-0.2463,0.0667
-0.2461,0.0633
-0.2458,0.0585
-0.2456,0.0523
-0.2453,0.0449
-0.2451,0.0365
-0.2449,0.0272
-0.2446,0.0172
-0.2444,0.0069
-0.2441,-0.0037
-0.2439,-0.0141
-0.2436,-0.0242
-0.2434,-0.0338
-0.2431,-0.0426
-0.2429,-0.0504
-0.2427,-0.0570
-0.2424,-0.0623
-0.2422,-0.0662
-0.2419,-0.0685
-0.2417,-0.0692
-0.2414,-0.0683
-0.2412,-0.0657
-0.2409,-0.0617
-0.2407,-0.0562
-0.2405,-0.0493
-0.2402,-0.0413
-0.2400,-0.0323
-0.2397,-0.0226
-0.2395,-0.0123
-0.2392,-0.0017
-0.2390,0.0089
-0.2387,0.0194
-0.2385,0.0294
-0.2383,0.0387
-0.2380,0.0471
-0.2378,0.0543
-0.2375,0.0603
-0.2373,0.0649
-0.2370,0.0680
-0.2368,0.0694
-0.2366,0.0692
-0.2363,0.0673
-0.2361,0.0638
-0.2358,0.0588
-0.2356,0.0524
-0.2353,0.0448
-0.2351,0.0361
-0.2348,0.0265
-0.2346,0.0162
-0.2344,0.0056
-0.2341,-0.0052
-0.2339,-0.0159
-0.2336,-0.0262
-0.2334,-0.0358
-0.2331,-0.0447
-0.2329,-0.0524
-0.2326,-0.0589
-0.2324,-0.0640
-0.2322,-0.0676
-0.2319,-0.0695
-0.2317,-0.0697
-0.2314,-0.0683
-0.2312,-0.0652
-0.2309,-0.0606
-0.2307,-0.0544
-0.2304,-0.0470
-0.2302,-0.0384
-0.2300,-0.0288
-0.2297,-0.0186
-0.2295,-0.0079
-0.2292,0.0030
-0.2290,0.0139
-0.2287,0.0244
-0.2285,0.0343
-0.2283,0.0434
-0.2280,0.0515
-0.2278,0.0583
-0.2275,0.0637
-0.2273,0.0675
-0.2270,0.0697
-0.2268,0.0701
-0.2265,0.0689
-0.2263,0.0660
-0.2261,0.0614
-0.2258,0.0554
-0.2256,0.0479
-0.2253,0.0393
-0.2251,0.0297
-0.2248,0.0194
-0.2246,0.0086
-0.2243,-0.0025
-0.2241,-0.0135
-0.2239,-0.0241
-0.2236,-0.0342
-0.2234,-0.0435
-0.2231,-0.0516
-0.2229,-0.0585
-0.2226,-0.0640
-0.2224,-0.0679
-0.2221,-0.0700
-0.2219,-0.0705
-0.2217,-0.0692
-0.2214,-0.0662
-0.2212,-0.0615
-0.2209,-0.0553
-0.2207,-0.0476
-0.2204,-0.0388
-0.2202,-0.0291
-0.2199,-0.0186
-0.2197,-0.0076
-0.2195,0.0036
-0.2192,0.0147
-0.2190,0.0255
-0.2187,0.0356
-0.2185,0.0448
-0.2182,0.0529
-0.2180,0.0597
-0.2178,0.0650
-0.2175,0.0687
-0.2173,0.0706
-0.2170,0.0707
-0.2168,0.0691
-0.2165,0.0657
-0.2163,0.0606
-0.2160,0.0540
-0.2158,0.0460
-0.2156,0.0369
-0.2153,0.0268
-0.2151,0.0160
-0.2148,0.0048
-0.2146,-0.0065
-0.2143,-0.0177
-0.2141,-0.0285
-0.2138,-0.0385
-0.2136,-0.0476
-0.2134,-0.0554
-0.2131,-0.0618
-0.2129,-0.0667
-0.2126,-0.0698
-0.2124,-0.0712
-0.2121,-0.0707
-0.2119,-0.0685
-0.2116,-0.0644
-0.2114,-0.0587
-0.2112,-0.0515
-0.2109,-0.0429
-0.2107,-0.0333
-0.2104,-0.0227
-0.2102,-0.0116
-0.2099,-0.0002
-0.2097,0.0113
-0.2095,0.0225
-0.2092,0.0331
-0.2090,0.0428
-0.2087,0.0515
-0.2085,0.0588
-0.2082,0.0646
-0.2080,0.0688
-0.2077,0.0711
-0.2075,0.0716
-0.2073,0.0702
-0.2070,0.0670
-0.2068,0.0620
-0.2065,0.0554
-0.2063,0.0474
-0.2060,0.0381
-0.2058,0.0278
-0.2055,0.0167
-0.2053,0.0052
-0.2051,-0.0064
-0.2048,-0.0179
-0.2046,-0.0289
-0.2043,-0.0392
-0.2041,-0.0485
-0.2038,-0.0564
-0.2036,-0.0629
-0.2033,-0.0678
-0.2031,-0.0708
-0.2029,-0.0720
-0.2026,-0.0713
-0.2024,-0.0686
-0.2021,-0.0642
-0.2019,-0.0580
-0.2016,-0.0503
-0.2014,-0.0413
-0.2012,-0.0311
-0.2009,-0.0201
-0.2007,-0.0086
-0.2004,0.0032
-0.2002,0.0149
-0.1999,0.0263
-0.1997,0.0369
-0.1994,0.0466
-0.1992,0.0550
-0.1990,0.0619
-0.1987,0.0672
-0.1985,0.0707
-0.1982,0.0723
-0.1980,0.0719
-0.1977,0.0696
-0.1975,0.0655
-0.1972,0.0595
-0.1970,0.0519
-0.1968,0.0430
-0.1965,0.0328
-0.1963,0.0218
-0.1960,0.0101
-0.1958,-0.0018
-0.1955,-0.0137
-0.1953,-0.0253
-0.1950,-0.0361
-0.1948,-0.0460
-0.1946,-0.0547
-0.1943,-0.0618
-0.1941,-0.0673
-0.1938,-0.0710
-0.1936,-0.0727
-0.1933,-0.0724
-0.1931,-0.0701
-0.1929,-0.0659
-0.1926,-0.0599
-0.1924,-0.0523
-0.1921,-0.0431
-0.1919,-0.0328
-0.1916,-0.0216
-0.1914,-0.0098
-0.1911,0.0023
-0.1909,0.0144
-0.1907,0.0260
-0.1904,0.0370
-0.1902,0.0470
-0.1899,0.0556
-0.1897,0.0627
-0.1894,0.0681
-0.1892,0.0716
-0.1889,0.0731
-0.1887,0.0726
-0.1885,0.0700
-0.1882,0.0655
-0.1880,0.0592
-0.1877,0.0512
-0.1875,0.0417
-0.1872,0.0311
-0.1870,0.0196
-0.1867,0.0075
-0.1865,-0.0048
-0.1863,-0.0170
-0.1860,-0.0287
-0.1858,-0.0396
-0.1855,-0.0494
-0.1853,-0.0578
-0.1850,-0.0646
-0.1848,-0.0696
-0.1845,-0.0726
-0.1843,-0.0736
-0.1841,-0.0725
-0.1838,-0.0693
-0.1836,-0.0641
-0.1833,-0.0572
-0.1831,-0.0486
-0.1828,-0.0385
-0.1826,-0.0274
-0.1824,-0.0155
-0.1821,-0.0031
-0.1819,0.0093
-0.1816,0.0215
-0.1814,0.0332
-0.1811,0.0438
-0.1809,0.0533
-0.1806,0.0612
-0.1804,0.0673
-0.1802,0.0716
-0.1799,0.0737
-0.1797,0.0738
-0.1794,0.0717
-0.1792,0.0675
-0.1789,0.0614
-0.1787,0.0535
-0.1784,0.0441
-0.1782,0.0333
-0.1780,0.0216
-0.1777,0.0092
-0.1775,-0.0034
-0.1772,-0.0160
-0.1770,-0.0281
-0.1767,-0.0394
-0.1765,-0.0496
-0.1762,-0.0583
-0.1760,-0.0653
-0.1758,-0.0705
-0.1755,-0.0735
-0.1753,-0.0744
-0.1750,-0.0732
-0.1748,-0.0698
-0.1745,-0.0643
-0.1743,-0.0569
-0.1741,-0.0478
-0.1738,-0.0373
-0.1736,-0.0257
-0.1733,-0.0134
-0.1731,-0.0006
-0.1728,0.0122
-0.1726,0.0247
-0.1723,0.0364
-0.1721,0.0471
-0.1719,0.0564
-0.1716,0.0640
-0.1714,0.0698
-0.1711,0.0734
-0.1709,0.0749
-0.1706,0.0741
-0.1704,0.0711
-0.1701,0.0660
-0.1699,0.0588
-0.1697,0.0500
-0.1694,0.0396
-0.1692,0.0280
-0.1689,0.0155
-0.1687,0.0026
-0.1684,-0.0105
-0.1682,-0.0232
-0.1679,-0.0352
-0.1677,-0.0462
-0.1675,-0.0558
-0.1672,-0.0638
-0.1670,-0.0697
-0.1667,-0.0736
-0.1665,-0.0753
-0.1662,-0.0746
-0.1660,-0.0717
-0.1658,-0.0666
-0.1655,-0.0595
-0.1653,-0.0505
-0.1650,-0.0400
-0.1648,-0.0282
-0.1645,-0.0156
-0.1643,-0.0024
-0.1640,0.0108
-0.1638,0.0237
-0.1636,0.0359
-0.1633,0.0470
-0.1631,0.0567
-0.1628,0.0646
-0.1626,0.0706
-0.1623,0.0743
-0.1621,0.0758
-0.1618,0.0749
-0.1616,0.0717
-0.1614,0.0662
-0.1611,0.0587
-0.1609,0.0494
-0.1606,0.0385
-0.1604,0.0264
-0.1601,0.0134
-0.1599,0.0000
-0.1596,-0.0134
-0.1594,-0.0264
-0.1592,-0.0386
-0.1589,-0.0496
-0.1587,-0.0590
-0.1584,-0.0666
-0.1582,-0.0721
-0.1579,-0.0754
-0.1577,-0.0762
-0.1574,-0.0747
-0.1572,-0.0708
-0.1570,-0.0646
-0.1567,-0.0564
-0.1565,-0.0464
-0.1562,-0.0349
-0.1560,-0.0223
-0.1557,-0.0089
-0.1555,0.0048
-0.1553,0.0183
-0.1550,0.0312
-0.1548,0.0432
-0.1545,0.0538
-0.1543,0.0627
-0.1540,0.0696
-0.1538,0.0742
-0.1535,0.0765
-0.1533,0.0763
-0.1531,0.0737
-0.1528,0.0687
-0.1526,0.0614
-0.1523,0.0522
-0.1521,0.0412
-0.1518,0.0289
-0.1516,0.0156
-0.1513,0.0019
-0.1511,-0.0120
-0.1509,-0.0255
-0.1506,-0.0382
-0.1504,-0.0496
-0.1501,-0.0594
-0.1499,-0.0674
-0.1496,-0.0731
-0.1494,-0.0764
-0.1491,-0.0772
-0.1489,-0.0755
-0.1487,-0.0713
-0.1484,-0.0647
-0.1482,-0.0560
-0.1479,-0.0454
-0.1477,-0.0334
-0.1474,-0.0202
-0.1472,-0.0063
-0.1470,0.0078
-0.1467,0.0217
-0.1465,0.0349
-0.1462,0.0469
-0.1460,0.0574
-0.1457,0.0660
-0.1455,0.0723
-0.1452,0.0763
-0.1450,0.0777
-0.1448,0.0766
-0.1445,0.0728
-0.1443,0.0666
-0.1440,0.0582
-0.1438,0.0477
-0.1435,0.0357
-0.1433,0.0224
-0.1430,0.0084
-0.1428,-0.0060
-0.1426,-0.0201
-0.1423,-0.0336
-0.1421,-0.0460
-0.1418,-0.0568
-0.1416,-0.0657
-0.1413,-0.0724
-0.1411,-0.0766
-0.1408,-0.0782
-0.1406,-0.0772
-0.1404,-0.0735
-0.1401,-0.0672
-0.1399,-0.0587
-0.1396,-0.0481
-0.1394,-0.0358
-0.1391,-0.0223
-0.1389,-0.0080
-0.1387,0.0066
-0.1384,0.0210
-0.1382,0.0346
-0.1379,0.0471
-0.1377,0.0580
-0.1374,0.0669
-0.1372,0.0735
-0.1369,0.0775
-0.1367,0.0788
-0.1365,0.0774
-0.1362,0.0732
-0.1360,0.0665
-0.1357,0.0575
-0.1355,0.0464
-0.1352,0.0336
-0.1350,0.0197
-0.1347,0.0051
-0.1345,-0.0098
-0.1343,-0.0243
-0.1340,-0.0380
-0.1338,-0.0503
-0.1335,-0.0609
-0.1333,-0.0694
-0.1330,-0.0754
-0.1328,-0.0787
-0.1325,-0.0792
-0.1323,-0.0769
-0.1321,-0.0718
-0.1318,-0.0642
-0.1316,-0.0542
-0.1313,-0.0423
-0.1311,-0.0289
-0.1308,-0.0144
-0.1306,0.0007
-0.1304,0.0157
-0.1301,0.0302
-0.1299,0.0436
-0.1296,0.0555
-0.1294,0.0654
-0.1291,0.0729
-0.1289,0.0778
-0.1286,0.0798
-0.1284,0.0790
-0.1282,0.0753
-0.1279,0.0688
-0.1277,0.0598
-0.1274,0.0485
-0.1272,0.0355
-0.1269,0.0212
-0.1267,0.0061
-0.1264,-0.0093
-0.1262,-0.0244
-0.1260,-0.0386
-0.1257,-0.0513
-0.1255,-0.0622
-0.1252,-0.0709
-0.1250,-0.0769
-0.1247,-0.0800
-0.1245,-0.0802
-0.1242,-0.0774
-0.1240,-0.0716
-0.1238,-0.0633
-0.1235,-0.0525
-0.1233,-0.0397
-0.1230,-0.0255
-0.1228,-0.0102
-0.1225,0.0054
-0.1223,0.0209
-0.1220,0.0356
-0.1218,0.0490
-0.1216,0.0606
-0.1213,0.0699
-0.1211,0.0765
-0.1208,0.0802
-0.1206,0.0809
-0.1203,0.0786
-0.1201,0.0732
-0.1199,0.0650
-0.1196,0.0543
-0.1194,0.0415
-0.1191,0.0271
-0.1189,0.0116
-0.1186,-0.0043
-0.1184,-0.0201
-0.1181,-0.0352
-0.1179,-0.0489
-0.1177,-0.0607
-0.1174,-0.0702
-0.1172,-0.0770
-0.1169,-0.0809
-0.1167,-0.0815
-0.1164,-0.0790
-0.1162,-0.0734
-0.1159,-0.0650
-0.1157,-0.0539
-0.1155,-0.0408
-0.1152,-0.0260
-0.1150,-0.0102
-0.1147,0.0061
-0.1145,0.0222
-0.1142,0.0374
-0.1140,0.0511
-0.1137,0.0628
-0.1135,0.0721
-0.1133,0.0785
-0.1130,0.0818
-0.1128,0.0819
-0.1125,0.0787
-0.1123,0.0723
-0.1120,0.0630
-0.1118,0.0512
-0.1116,0.0373
-0.1113,0.0219
-0.1111,0.0056
-0.1108,-0.0110
-0.1106,-0.0272
-0.1103,-0.0423
-0.1101,-0.0557
-0.1098,-0.0669
-0.1096,-0.0753
-0.1094,-0.0808
-0.1091,-0.0829
-0.1089,-0.0817
-0.1086,-0.0771
-0.1084,-0.0693
-0.1081,-0.0587
-0.1079,-0.0457
-0.1076,-0.0307
-0.1074,-0.0145
-0.1072,0.0024
-0.1069,0.0192
-0.1067,0.0352
-0.1064,0.0498
-0.1062,0.0624
-0.1059,0.0723
-0.1057,0.0793
-0.1054,0.0830
-0.1052,0.0833
-0.1050,0.0800
-0.1047,0.0734
-0.1045,0.0637
-0.1042,0.0513
-0.1040,0.0367
-0.1037,0.0205
-0.1035,0.0034
-0.1033,-0.0138
-0.1030,-0.0305
-0.1028,-0.0459
-0.1025,-0.0594
-0.1023,-0.0704
-0.1020,-0.0784
-0.1018,-0.0831
-0.1015,-0.0842
-0.1013,-0.0817
-0.1011,-0.0757
-0.1008,-0.0664
-0.1006,-0.0542
-0.1003,-0.0397
-0.1001,-0.0234
-0.0998,-0.0061
-0.0996,0.0115
-0.0993,0.0287
-0.0991,0.0446
-0.0989,0.0587
-0.0986,0.0701
-0.0984,0.0786
-0.0981,0.0836
-0.0979,0.0849
-0.0976,0.0825
-0.0974,0.0765
-0.0971,0.0671
-0.0969,0.0547
-0.0967,0.0398
-0.0964,0.0232
-0.0962,0.0054
-0.0959,-0.0126
-0.0957,-0.0300
-0.0954,-0.0462
-0.0952,-0.0603
-0.0949,-0.0718
-0.0947,-0.0800
-0.0945,-0.0847
-0.0942,-0.0856
-0.0940,-0.0825
-0.0937,-0.0758
-0.0935,-0.0656
-0.0932,-0.0524
-0.0930,-0.0367
-0.0928,-0.0194
-0.0925,-0.0012
-0.0923,0.0172
-0.0920,0.0348
-0.0918,0.0508
-0.0915,0.0645
-0.0913,0.0753
-0.0910,0.0826
-0.0908,0.0862
-0.0906,0.0857
-0.0903,0.0812
-0.0901,0.0730
-0.0898,0.0614
-0.0896,0.0468
-0.0893,0.0300
-0.0891,0.0118
-0.0888,-0.0070
-0.0886,-0.0255
-0.0884,-0.0429
-0.0881,-0.0582
-0.0879,-0.0709
-0.0876,-0.0802
-0.0874,-0.0857
-0.0871,-0.0872
-0.0869,-0.0845
-0.0866,-0.0778
-0.0864,-0.0673
-0.0862,-0.0536
-0.0859,-0.0372
-0.0857,-0.0191
-0.0854,0.0000
-0.0852,0.0192
-0.0849,0.0375
-0.0847,0.0540
-0.0845,0.0679
-0.0842,0.0785
-0.0840,0.0853
-0.0837,0.0880
-0.0835,0.0864
-0.0832,0.0805
-0.0830,0.0706
-0.0827,0.0573
-0.0825,0.0410
-0.0823,0.0227
-0.0820,0.0033
-0.0818,-0.0164
-0.0815,-0.0353
-0.0813,-0.0525
-0.0810,-0.0671
-0.0808,-0.0784
-0.0805,-0.0857
-0.0803,-0.0888
-0.0801,-0.0874
-0.0798,-0.0816
-0.0796,-0.0716
-0.0793,-0.0580
-0.0791,-0.0414
-0.0788,-0.0226
-0.0786,-0.0026
-0.0783,0.0175
-0.0781,0.0368
-0.0779,0.0542
-0.0776,0.0689
-0.0774,0.0801
-0.0771,0.0872
-0.0769,0.0897
-0.0766,0.0876
-0.0764,0.0810
-0.0762,0.0701
-0.0759,0.0554
-0.0757,0.0379
-0.0754,0.0183
-0.0752,-0.0023
-0.0749,-0.0228
-0.0747,-0.0422
-0.0744,-0.0594
-0.0742,-0.0735
-0.0740,-0.0837
-0.0737,-0.0894
-0.0735,-0.0904
-0.0732,-0.0866
-0.0730,-0.0781
-0.0727,-0.0653
-0.0725,-0.0490
-0.0722,-0.0301
-0.0720,-0.0094
-0.0718,0.0119
-0.0715,0.0325
-0.0713,0.0514
-0.0710,0.0676
-0.0708,0.0801
-0.0705,0.0882
-0.0703,0.0915
-0.0700,0.0898
-0.0698,0.0830
-0.0696,0.0717
-0.0693,0.0563
-0.0691,0.0377
-0.0688,0.0170
-0.0686,-0.0047
-0.0683,-0.0263
-0.0681,-0.0464
-0.0679,-0.0639
-0.0676,-0.0779
-0.0674,-0.0875
-0.0671,-0.0922
-0.0669,-0.0916
-0.0666,-0.0857
-0.0664,-0.0750
-0.0661,-0.0599
-0.0659,-0.0413
-0.0657,-0.0203
-0.0654,0.0020
-0.0652,0.0242
-0.0649,0.0451
-0.0647,0.0634
-0.0644,0.0780
-0.0642,0.0881
-0.0639,0.0931
-0.0637,0.0926
-0.0635,0.0866
-0.0632,0.0755
-0.0630,0.0598
-0.0627,0.0406
-0.0625,0.0188
-0.0622,-0.0041
-0.0620,-0.0269
-0.0617,-0.0481
-0.0615,-0.0665
-0.0613,-0.0809
-0.0610,-0.0904
-0.0608,-0.0945
-0.0605,-0.0928
-0.0603,-0.0855
-0.0600,-0.0728
-0.0598,-0.0557
-0.0595,-0.0350
-0.0593,-0.0121
-0.0591,0.0116
-0.0588,0.0346
-0.0586,0.0556
-0.0583,0.0732
-0.0581,0.0862
-0.0578,0.0939
-0.0576,0.0956
-0.0574,0.0913
-0.0571,0.0812
-0.0569,0.0659
-0.0566,0.0463
-0.0564,0.0237
-0.0561,-0.0005
-0.0559,-0.0247
-0.0556,-0.0475
-0.0554,-0.0672
-0.0552,-0.0826
-0.0549,-0.0928
-0.0547,-0.0968
-0.0544,-0.0946
-0.0542,-0.0861
-0.0539,-0.0719
-0.0537,-0.0529
-0.0534,-0.0303
-0.0532,-0.0056
-0.0530,0.0195
-0.0527,0.0435
-0.0525,0.0646
-0.0522,0.0814
-0.0520,0.0928
-0.0517,0.0979
-0.0515,0.0963
-0.0512,0.0882
-0.0510,0.0740
-0.0508,0.0547
-0.0505,0.0315
-0.0503,0.0061
-0.0500,-0.0199
-0.0498,-0.0446
-0.0495,-0.0662
-0.0493,-0.0833
-0.0491,-0.0946
-0.0488,-0.0993
-0.0486,-0.0969
-0.0483,-0.0877
-0.0481,-0.0722
-0.0478,-0.0514
-0.0476,-0.0268
-0.0473,-0.0003
-0.0471,0.0264
-0.0469,0.0513
-0.0466,0.0726
-0.0464,0.0886
-0.0461,0.0982
-0.0459,0.1006
-0.0456,0.0956
-0.0454,0.0835
-0.0451,0.0651
-0.0449,0.0418
-0.0447,0.0152
-0.0444,-0.0126
-0.0442,-0.0396
-0.0439,-0.0637
-0.0437,-0.0831
-0.0434,-0.0962
-0.0432,-0.1019
-0.0429,-0.0999
-0.0427,-0.0901
-0.0425,-0.0733
-0.0422,-0.0508
-0.0420,-0.0241
-0.0417,0.0046
-0.0415,0.0330
-0.0412,0.0590
-0.0410,0.0804
-0.0408,0.0954
-0.0405,0.1030
-0.0403,0.1022
-0.0400,0.0933
-0.0398,0.0767
-0.0395,0.0538
-0.0393,0.0264
-0.0390,-0.0033
-0.0388,-0.0329
-0.0386,-0.0599
-0.0383,-0.0821
-0.0381,-0.0975
-0.0378,-0.1048
-0.0376,-0.1033
-0.0373,-0.0931
-0.0371,-0.0749
-0.0368,-0.0503
-0.0366,-0.0212
-0.0364,0.0099
-0.0361,0.0403
-0.0359,0.0673
-0.0356,0.0886
-0.0354,0.1023
-0.0351,0.1070
-0.0349,0.1022
-0.0346,0.0884
-0.0344,0.0666
-0.0342,0.0386
-0.0339,0.0071
-0.0337,-0.0253
-0.0334,-0.0556
-0.0332,-0.0809
-0.0329,-0.0990
-0.0327,-0.1080
-0.0324,-0.1070
-0.0322,-0.0960
-0.0320,-0.0760
-0.0317,-0.0486
-0.0315,-0.0165
-0.0312,0.0174
-0.0310,0.0498
-0.0307,0.0776
-0.0305,0.0981
-0.0303,0.1092
-0.0300,0.1096
-0.0298,0.0992
-0.0295,0.0790
-0.0293,0.0507
-0.0290,0.0172
-0.0288,-0.0182
-0.0285,-0.0521
-0.0283,-0.0809
-0.0281,-0.1015
-0.0278,-0.1119
-0.0276,-0.1107
-0.0273,-0.0980
-0.0271,-0.0749
-0.0268,-0.0437
-0.0266,-0.0077
-0.0263,0.0294
-0.0261,0.0636
-0.0259,0.0912
-0.0256,0.1091
-0.0254,0.1151
-0.0251,0.1085
-0.0249,0.0898
-0.0246,0.0609
-0.0244,0.0249
-0.0241,-0.0142
-0.0239,-0.0519
-0.0237,-0.0840
-0.0234,-0.1067
-0.0232,-0.1171
-0.0229,-0.1138
-0.0227,-0.0971
-0.0224,-0.0687
-0.0222,-0.0318
-0.0220,0.0092
-0.0217,0.0495
-0.0215,0.0840
-0.0212,0.1085
-0.0210,0.1197
-0.0207,0.1160
-0.0205,0.0976
-0.0202,0.0666
-0.0200,0.0267
-0.0198,-0.0170
-0.0195,-0.0590
-0.0193,-0.0935
-0.0190,-0.1160
-0.0188,-0.1231
-0.0185,-0.1137
-0.0183,-0.0887
-0.0180,-0.0512
-0.0178,-0.0061
-0.0176,0.0402
-0.0173,0.0814
-0.0171,0.1114
-0.0168,0.1257
-0.0166,0.1218
-0.0163,0.0999
-0.0161,0.0630
-0.0158,0.0161
-0.0156,-0.0338
-0.0154,-0.0791
-0.0151,-0.1127
-0.0149,-0.1291
-0.0146,-0.1252
-0.0144,-0.1012
-0.0141,-0.0605
-0.0139,-0.0093
-0.0137,0.0441
-0.0134,0.0909
-0.0132,0.1229
-0.0129,0.1342
-0.0127,0.1222
-0.0124,0.0884
-0.0122,0.0383
-0.0119,-0.0196
-0.0117,-0.0748
-0.0115,-0.1170
-0.0112,-0.1377
-0.0110,-0.1322
-0.0107,-0.1009
-0.0105,-0.0489
-0.0102,0.0139
-0.0100,0.0750
-0.0097,0.1217
-0.0095,0.1435
-0.0093,0.1348
-0.0090,0.0963
-0.0088,0.0354
-0.0085,-0.0350
-0.0083,-0.0988
-0.0080,-0.1407
-0.0078,-0.1494
-0.0075,-0.1213
-0.0073,-0.0617
-0.0071,0.0155
-0.0068,0.0908
-0.0066,0.1435
-0.0063,0.1576
-0.0061,0.1269
-0.0058,0.0576
-0.0056,-0.0315
-0.0054,-0.1140
-0.0051,-0.1625
-0.0049,-0.1585
-0.0046,-0.0991
-0.0044,-0.0015
-0.0041,0.1012
-0.0039,0.1692
-0.0036,0.1715
-0.0034,0.1001
-0.0032,-0.0206
-0.0029,-0.1391
-0.0027,-0.1951
-0.0024,-0.1497
-0.0022,-0.0137
-0.0019,0.1427
-0.0017,0.2166
-0.0014,0.1352
-0.0012,-0.0692
-0.0010,-0.2348
-0.0007,-0.1680
-0.0005,0.1259
-0.0002,0.2729
0.0000,-0.0947
0.0003,-0.2042
0.0005,0.2210
0.0008,-0.1089
0.0010,0.0192
0.0012,0.0215
0.0015,-0.0313
0.0017,0.0274
0.0020,-0.0192
0.0022,0.0113
0.0025,-0.0053
0.0027,0.0015
0.0030,0.0005
0.0032,-0.0012
0.0034,0.0012
0.0037,-0.0010
0.0039,0.0006
0.0042,-0.0003
0.0044,0.0001
0.0047,-0.0000
0.0049,-0.0000
0.0051,0.0001
0.0054,-0.0000
0.0056,0.0000
0.0059,0.0000
0.0061,0.0000
0.0064,0.0000
0.0066,0.0000
0.0069,0.0000
0.0071,0.0000
0.0073,0.0000
0.0076,0.0000
0.0078,0.0000
0.0081,0.0000
0.0083,0.0000
0.0086,0.0000
0.0088,0.0000
0.0091,0.0000
0.0093,0.0000
0.0095,0.0000
0.0098,0.0000
0.0100,0.0000
0.0103,0.0000
0.0105,0.0000
0.0108,0.0000
0.0110,0.0000
0.0113,0.0000
0.0115,0.0000
0.0117,0.0000
0.0120,0.0000
0.0122,0.0000
0.0125,0.0000
0.0127,0.0000
0.0130,0.0000
0.0132,0.0000
0.0134,0.0000
0.0137,0.0000
0.0139,0.0000
0.0142,0.0000
0.0144,0.0000
0.0147,0.0000
0.0149,0.0000
0.0152,0.0000
0.0154,0.0000
0.0156,0.0000
0.0159,0.0000
0.0161,0.0000
0.0164,0.0000
0.0166,0.0000
0.0169,0.0000
0.0171,0.0000
0.0174,0.0000
0.0176,0.0000
0.0178,0.0000
0.0181,0.0000
0.0183,0.0000
0.0186,0.0000
0.0188,0.0000
0.0191,0.0000
0.0193,0.0000
0.0196,0.0000
0.0198,0.0000
0.0200,0.0000
0.0203,0.0000
0.0205,0.0000
0.0208,0.0000
0.0210,0.0000
0.0213,0.0000
0.0215,0.0000
0.0217,0.0000
0.0220,0.0000
0.0222,0.0000
0.0225,0.0000
0.0227,0.0000
0.0230,0.0000
0.0232,0.0000
